"modelType","of","name","size","startYear","timestep","maxUI","maxAC","maxFS","maxNS","bProb","sProb","overlap","mu","sizePref","flakePref","minFS","strict","ED","GF","totalSteps"
"occupation",4676,"0","10","500000","100","30","20","2","20","0.25","0.5","2","3","false","true","2","false","0.5","0","3000"
"occupation",4677,"0","10","500000","100","30","20","2","20","0.25","0.5","2","3","false","false","1","true","0.5","0","3000"
"occupation",4678,"0","10","500000","100","30","20","2","20","0.25","0.5","2","3","false","false","2","true","0.5","0","3000"
"occupation",4679,"0","10","500000","100","30","20","2","20","0.25","0.5","2","3","false","false","1","false","0.5","0","3000"
"occupation",4680,"0","10","500000","100","30","20","2","20","0.25","0.5","2","3","false","false","2","false","0.5","0","3000"
"occupation",4681,"0","10","500000","100","30","20","2","20","0.25","0.75","1","1","true","true","1","true","0.5","0","3000"
"occupation",4682,"0","10","500000","100","30","20","2","20","0.25","0.75","1","1","true","true","2","true","0.5","0","3000"
"occupation",4683,"0","10","500000","100","30","20","2","20","0.25","0.75","1","1","false","true","1","true","0.5","0","3000"
"occupation",4684,"0","10","500000","100","30","20","2","20","0.25","0.75","1","1","false","true","2","true","0.5","0","3000"
"occupation",4685,"0","10","500000","100","30","20","2","20","0.25","0.75","1","1","true","true","1","false","0.5","0","3000"
"occupation",4686,"0","10","500000","100","30","20","2","20","0.25","0.75","1","1","true","true","2","false","0.5","0","3000"
"occupation",4687,"0","10","500000","100","30","20","2","20","0.25","0.75","1","1","false","true","1","false","0.5","0","3000"
"occupation",4688,"0","10","500000","100","30","20","2","20","0.25","0.75","1","1","false","true","2","false","0.5","0","3000"
"occupation",4689,"0","10","500000","100","30","20","2","20","0.25","0.75","1","1","false","false","1","true","0.5","0","3000"
"occupation",4690,"0","10","500000","100","30","20","2","20","0.25","0.75","1","1","false","false","2","true","0.5","0","3000"
"occupation",4691,"0","10","500000","100","30","20","2","20","0.25","0.75","1","1","false","false","1","false","0.5","0","3000"
"occupation",4692,"0","10","500000","100","30","20","2","20","0.25","0.75","1","1","false","false","2","false","0.5","0","3000"
"occupation",4693,"0","10","500000","100","30","20","2","20","0.25","0.75","1","2","true","true","1","true","0.5","0","3000"
"occupation",4694,"0","10","500000","100","30","20","2","20","0.25","0.75","1","2","true","true","2","true","0.5","0","3000"
"occupation",4695,"0","10","500000","100","30","20","2","20","0.25","0.75","1","2","false","true","1","true","0.5","0","3000"
"occupation",4696,"0","10","500000","100","30","20","2","20","0.25","0.75","1","2","false","true","2","true","0.5","0","3000"
"occupation",4697,"0","10","500000","100","30","20","2","20","0.25","0.75","1","2","true","true","1","false","0.5","0","3000"
"occupation",4698,"0","10","500000","100","30","20","2","20","0.25","0.75","1","2","true","true","2","false","0.5","0","3000"
"occupation",4699,"0","10","500000","100","30","20","2","20","0.25","0.75","1","2","false","true","1","false","0.5","0","3000"
"occupation",4700,"0","10","500000","100","30","20","2","20","0.25","0.75","1","2","false","true","2","false","0.5","0","3000"
"occupation",4701,"0","10","500000","100","30","20","2","20","0.25","0.75","1","2","false","false","1","true","0.5","0","3000"
"occupation",4702,"0","10","500000","100","30","20","2","20","0.25","0.75","1","2","false","false","2","true","0.5","0","3000"
"occupation",4703,"0","10","500000","100","30","20","2","20","0.25","0.75","1","2","false","false","1","false","0.5","0","3000"
"occupation",4704,"0","10","500000","100","30","20","2","20","0.25","0.75","1","2","false","false","2","false","0.5","0","3000"
"occupation",4705,"0","10","500000","100","30","20","2","20","0.25","0.75","1","3","true","true","1","true","0.5","0","3000"
"occupation",4706,"0","10","500000","100","30","20","2","20","0.25","0.75","1","3","true","true","2","true","0.5","0","3000"
"occupation",4707,"0","10","500000","100","30","20","2","20","0.25","0.75","1","3","false","true","1","true","0.5","0","3000"
"occupation",4708,"0","10","500000","100","30","20","2","20","0.25","0.75","1","3","false","true","2","true","0.5","0","3000"
"occupation",4709,"0","10","500000","100","30","20","2","20","0.25","0.75","1","3","true","true","1","false","0.5","0","3000"
"occupation",4710,"0","10","500000","100","30","20","2","20","0.25","0.75","1","3","true","true","2","false","0.5","0","3000"
"occupation",4711,"0","10","500000","100","30","20","2","20","0.25","0.75","1","3","false","true","1","false","0.5","0","3000"
"occupation",4712,"0","10","500000","100","30","20","2","20","0.25","0.75","1","3","false","true","2","false","0.5","0","3000"
"occupation",4713,"0","10","500000","100","30","20","2","20","0.25","0.75","1","3","false","false","1","true","0.5","0","3000"
"occupation",4714,"0","10","500000","100","30","20","2","20","0.25","0.75","1","3","false","false","2","true","0.5","0","3000"
"occupation",4715,"0","10","500000","100","30","20","2","20","0.25","0.75","1","3","false","false","1","false","0.5","0","3000"
"occupation",4716,"0","10","500000","100","30","20","2","20","0.25","0.75","1","3","false","false","2","false","0.5","0","3000"
"occupation",4717,"0","10","500000","100","30","20","2","20","0.25","0.75","2","1","true","true","1","true","0.5","0","3000"
"occupation",4718,"0","10","500000","100","30","20","2","20","0.25","0.75","2","1","true","true","2","true","0.5","0","3000"
"occupation",4719,"0","10","500000","100","30","20","2","20","0.25","0.75","2","1","false","true","1","true","0.5","0","3000"
"occupation",4720,"0","10","500000","100","30","20","2","20","0.25","0.75","2","1","false","true","2","true","0.5","0","3000"
"occupation",4721,"0","10","500000","100","30","20","2","20","0.25","0.75","2","1","true","true","1","false","0.5","0","3000"
"occupation",4722,"0","10","500000","100","30","20","2","20","0.25","0.75","2","1","true","true","2","false","0.5","0","3000"
"occupation",4723,"0","10","500000","100","30","20","2","20","0.25","0.75","2","1","false","true","1","false","0.5","0","3000"
"occupation",4724,"0","10","500000","100","30","20","2","20","0.25","0.75","2","1","false","true","2","false","0.5","0","3000"
"occupation",4725,"0","10","500000","100","30","20","2","20","0.25","0.75","2","1","false","false","1","true","0.5","0","3000"
"occupation",4726,"0","10","500000","100","30","20","2","20","0.25","0.75","2","1","false","false","2","true","0.5","0","3000"
"occupation",4727,"0","10","500000","100","30","20","2","20","0.25","0.75","2","1","false","false","1","false","0.5","0","3000"
"occupation",4728,"0","10","500000","100","30","20","2","20","0.25","0.75","2","1","false","false","2","false","0.5","0","3000"
"occupation",4729,"0","10","500000","100","30","20","2","20","0.25","0.75","2","2","true","true","1","true","0.5","0","3000"
"occupation",4730,"0","10","500000","100","30","20","2","20","0.25","0.75","2","2","true","true","2","true","0.5","0","3000"
"occupation",4731,"0","10","500000","100","30","20","2","20","0.25","0.75","2","2","false","true","1","true","0.5","0","3000"
"occupation",4732,"0","10","500000","100","30","20","2","20","0.25","0.75","2","2","false","true","2","true","0.5","0","3000"
"occupation",4733,"0","10","500000","100","30","20","2","20","0.25","0.75","2","2","true","true","1","false","0.5","0","3000"
"occupation",4734,"0","10","500000","100","30","20","2","20","0.25","0.75","2","2","true","true","2","false","0.5","0","3000"
"occupation",4735,"0","10","500000","100","30","20","2","20","0.25","0.75","2","2","false","true","1","false","0.5","0","3000"
"occupation",4736,"0","10","500000","100","30","20","2","20","0.25","0.75","2","2","false","true","2","false","0.5","0","3000"
"occupation",4737,"0","10","500000","100","30","20","2","20","0.25","0.75","2","2","false","false","1","true","0.5","0","3000"
"occupation",4738,"0","10","500000","100","30","20","2","20","0.25","0.75","2","2","false","false","2","true","0.5","0","3000"
"occupation",4739,"0","10","500000","100","30","20","2","20","0.25","0.75","2","2","false","false","1","false","0.5","0","3000"
"occupation",4740,"0","10","500000","100","30","20","2","20","0.25","0.75","2","2","false","false","2","false","0.5","0","3000"
"occupation",4741,"0","10","500000","100","30","20","2","20","0.25","0.75","2","3","true","true","1","true","0.5","0","3000"
"occupation",4742,"0","10","500000","100","30","20","2","20","0.25","0.75","2","3","true","true","2","true","0.5","0","3000"
"occupation",4743,"0","10","500000","100","30","20","2","20","0.25","0.75","2","3","false","true","1","true","0.5","0","3000"
"occupation",4744,"0","10","500000","100","30","20","2","20","0.25","0.75","2","3","false","true","2","true","0.5","0","3000"
"occupation",4745,"0","10","500000","100","30","20","2","20","0.25","0.75","2","3","true","true","1","false","0.5","0","3000"
"occupation",4746,"0","10","500000","100","30","20","2","20","0.25","0.75","2","3","true","true","2","false","0.5","0","3000"
"occupation",4747,"0","10","500000","100","30","20","2","20","0.25","0.75","2","3","false","true","1","false","0.5","0","3000"
"occupation",4748,"0","10","500000","100","30","20","2","20","0.25","0.75","2","3","false","true","2","false","0.5","0","3000"
"occupation",4749,"0","10","500000","100","30","20","2","20","0.25","0.75","2","3","false","false","1","true","0.5","0","3000"
"occupation",4750,"0","10","500000","100","30","20","2","20","0.25","0.75","2","3","false","false","2","true","0.5","0","3000"
"occupation",4751,"0","10","500000","100","30","20","2","20","0.25","0.75","2","3","false","false","1","false","0.5","0","3000"
"occupation",4752,"0","10","500000","100","30","20","2","20","0.25","0.75","2","3","false","false","2","false","0.5","0","3000"
"occupation",4753,"0","10","500000","100","30","20","2","20","0.5","0.25","1","1","true","true","1","true","0.5","0","3000"
"occupation",4754,"0","10","500000","100","30","20","2","20","0.5","0.25","1","1","true","true","2","true","0.5","0","3000"
"occupation",4755,"0","10","500000","100","30","20","2","20","0.5","0.25","1","1","false","true","1","true","0.5","0","3000"
"occupation",4756,"0","10","500000","100","30","20","2","20","0.5","0.25","1","1","false","true","2","true","0.5","0","3000"
"occupation",4757,"0","10","500000","100","30","20","2","20","0.5","0.25","1","1","true","true","1","false","0.5","0","3000"
"occupation",4758,"0","10","500000","100","30","20","2","20","0.5","0.25","1","1","true","true","2","false","0.5","0","3000"
"occupation",4759,"0","10","500000","100","30","20","2","20","0.5","0.25","1","1","false","true","1","false","0.5","0","3000"
"occupation",4760,"0","10","500000","100","30","20","2","20","0.5","0.25","1","1","false","true","2","false","0.5","0","3000"
"occupation",4761,"0","10","500000","100","30","20","2","20","0.5","0.25","1","1","false","false","1","true","0.5","0","3000"
"occupation",4762,"0","10","500000","100","30","20","2","20","0.5","0.25","1","1","false","false","2","true","0.5","0","3000"
"occupation",4763,"0","10","500000","100","30","20","2","20","0.5","0.25","1","1","false","false","1","false","0.5","0","3000"
"occupation",4764,"0","10","500000","100","30","20","2","20","0.5","0.25","1","1","false","false","2","false","0.5","0","3000"
"occupation",4765,"0","10","500000","100","30","20","2","20","0.5","0.25","1","2","true","true","1","true","0.5","0","3000"
"occupation",4766,"0","10","500000","100","30","20","2","20","0.5","0.25","1","2","true","true","2","true","0.5","0","3000"
"occupation",4767,"0","10","500000","100","30","20","2","20","0.5","0.25","1","2","false","true","1","true","0.5","0","3000"
"occupation",4768,"0","10","500000","100","30","20","2","20","0.5","0.25","1","2","false","true","2","true","0.5","0","3000"
"occupation",4769,"0","10","500000","100","30","20","2","20","0.5","0.25","1","2","true","true","1","false","0.5","0","3000"
"occupation",4770,"0","10","500000","100","30","20","2","20","0.5","0.25","1","2","true","true","2","false","0.5","0","3000"
"occupation",4771,"0","10","500000","100","30","20","2","20","0.5","0.25","1","2","false","true","1","false","0.5","0","3000"
"occupation",4772,"0","10","500000","100","30","20","2","20","0.5","0.25","1","2","false","true","2","false","0.5","0","3000"
"occupation",4773,"0","10","500000","100","30","20","2","20","0.5","0.25","1","2","false","false","1","true","0.5","0","3000"
"occupation",4774,"0","10","500000","100","30","20","2","20","0.5","0.25","1","2","false","false","2","true","0.5","0","3000"
"occupation",4775,"0","10","500000","100","30","20","2","20","0.5","0.25","1","2","false","false","1","false","0.5","0","3000"
"occupation",4776,"0","10","500000","100","30","20","2","20","0.5","0.25","1","2","false","false","2","false","0.5","0","3000"
"occupation",4777,"0","10","500000","100","30","20","2","20","0.5","0.25","1","3","true","true","1","true","0.5","0","3000"
"occupation",4778,"0","10","500000","100","30","20","2","20","0.5","0.25","1","3","true","true","2","true","0.5","0","3000"
"occupation",4779,"0","10","500000","100","30","20","2","20","0.5","0.25","1","3","false","true","1","true","0.5","0","3000"
"occupation",4780,"0","10","500000","100","30","20","2","20","0.5","0.25","1","3","false","true","2","true","0.5","0","3000"
"occupation",4781,"0","10","500000","100","30","20","2","20","0.5","0.25","1","3","true","true","1","false","0.5","0","3000"
"occupation",4782,"0","10","500000","100","30","20","2","20","0.5","0.25","1","3","true","true","2","false","0.5","0","3000"
"occupation",4783,"0","10","500000","100","30","20","2","20","0.5","0.25","1","3","false","true","1","false","0.5","0","3000"
"occupation",4784,"0","10","500000","100","30","20","2","20","0.5","0.25","1","3","false","true","2","false","0.5","0","3000"
"occupation",4785,"0","10","500000","100","30","20","2","20","0.5","0.25","1","3","false","false","1","true","0.5","0","3000"
"occupation",4786,"0","10","500000","100","30","20","2","20","0.5","0.25","1","3","false","false","2","true","0.5","0","3000"
"occupation",4787,"0","10","500000","100","30","20","2","20","0.5","0.25","1","3","false","false","1","false","0.5","0","3000"
"occupation",4788,"0","10","500000","100","30","20","2","20","0.5","0.25","1","3","false","false","2","false","0.5","0","3000"
"occupation",4789,"0","10","500000","100","30","20","2","20","0.5","0.25","2","1","true","true","1","true","0.5","0","3000"
"occupation",4790,"0","10","500000","100","30","20","2","20","0.5","0.25","2","1","true","true","2","true","0.5","0","3000"
"occupation",4791,"0","10","500000","100","30","20","2","20","0.5","0.25","2","1","false","true","1","true","0.5","0","3000"
"occupation",4792,"0","10","500000","100","30","20","2","20","0.5","0.25","2","1","false","true","2","true","0.5","0","3000"
"occupation",4793,"0","10","500000","100","30","20","2","20","0.5","0.25","2","1","true","true","1","false","0.5","0","3000"
"occupation",4794,"0","10","500000","100","30","20","2","20","0.5","0.25","2","1","true","true","2","false","0.5","0","3000"
"occupation",4795,"0","10","500000","100","30","20","2","20","0.5","0.25","2","1","false","true","1","false","0.5","0","3000"
"occupation",4796,"0","10","500000","100","30","20","2","20","0.5","0.25","2","1","false","true","2","false","0.5","0","3000"
"occupation",4797,"0","10","500000","100","30","20","2","20","0.5","0.25","2","1","false","false","1","true","0.5","0","3000"
"occupation",4798,"0","10","500000","100","30","20","2","20","0.5","0.25","2","1","false","false","2","true","0.5","0","3000"
"occupation",4799,"0","10","500000","100","30","20","2","20","0.5","0.25","2","1","false","false","1","false","0.5","0","3000"
"occupation",4800,"0","10","500000","100","30","20","2","20","0.5","0.25","2","1","false","false","2","false","0.5","0","3000"
"occupation",4801,"0","10","500000","100","30","20","2","20","0.5","0.25","2","2","true","true","1","true","0.5","0","3000"
"occupation",4802,"0","10","500000","100","30","20","2","20","0.5","0.25","2","2","true","true","2","true","0.5","0","3000"
"occupation",4803,"0","10","500000","100","30","20","2","20","0.5","0.25","2","2","false","true","1","true","0.5","0","3000"
"occupation",4804,"0","10","500000","100","30","20","2","20","0.5","0.25","2","2","false","true","2","true","0.5","0","3000"
"occupation",4805,"0","10","500000","100","30","20","2","20","0.5","0.25","2","2","true","true","1","false","0.5","0","3000"
"occupation",4806,"0","10","500000","100","30","20","2","20","0.5","0.25","2","2","true","true","2","false","0.5","0","3000"
"occupation",4807,"0","10","500000","100","30","20","2","20","0.5","0.25","2","2","false","true","1","false","0.5","0","3000"
"occupation",4808,"0","10","500000","100","30","20","2","20","0.5","0.25","2","2","false","true","2","false","0.5","0","3000"
"occupation",4809,"0","10","500000","100","30","20","2","20","0.5","0.25","2","2","false","false","1","true","0.5","0","3000"
"occupation",4810,"0","10","500000","100","30","20","2","20","0.5","0.25","2","2","false","false","2","true","0.5","0","3000"
"occupation",4811,"0","10","500000","100","30","20","2","20","0.5","0.25","2","2","false","false","1","false","0.5","0","3000"
"occupation",4812,"0","10","500000","100","30","20","2","20","0.5","0.25","2","2","false","false","2","false","0.5","0","3000"
"occupation",4813,"0","10","500000","100","30","20","2","20","0.5","0.25","2","3","true","true","1","true","0.5","0","3000"
"occupation",4814,"0","10","500000","100","30","20","2","20","0.5","0.25","2","3","true","true","2","true","0.5","0","3000"
"occupation",4815,"0","10","500000","100","30","20","2","20","0.5","0.25","2","3","false","true","1","true","0.5","0","3000"
"occupation",4816,"0","10","500000","100","30","20","2","20","0.5","0.25","2","3","false","true","2","true","0.5","0","3000"
"occupation",4817,"0","10","500000","100","30","20","2","20","0.5","0.25","2","3","true","true","1","false","0.5","0","3000"
"occupation",4818,"0","10","500000","100","30","20","2","20","0.5","0.25","2","3","true","true","2","false","0.5","0","3000"
"occupation",4819,"0","10","500000","100","30","20","2","20","0.5","0.25","2","3","false","true","1","false","0.5","0","3000"
"occupation",4820,"0","10","500000","100","30","20","2","20","0.5","0.25","2","3","false","true","2","false","0.5","0","3000"
"occupation",4821,"0","10","500000","100","30","20","2","20","0.5","0.25","2","3","false","false","1","true","0.5","0","3000"
"occupation",4822,"0","10","500000","100","30","20","2","20","0.5","0.25","2","3","false","false","2","true","0.5","0","3000"
"occupation",4823,"0","10","500000","100","30","20","2","20","0.5","0.25","2","3","false","false","1","false","0.5","0","3000"
"occupation",4824,"0","10","500000","100","30","20","2","20","0.5","0.25","2","3","false","false","2","false","0.5","0","3000"
"occupation",4825,"0","10","500000","100","30","20","2","20","0.5","0.5","1","1","true","true","1","true","0.5","0","3000"
"occupation",4826,"0","10","500000","100","30","20","2","20","0.5","0.5","1","1","true","true","2","true","0.5","0","3000"
"occupation",4827,"0","10","500000","100","30","20","2","20","0.5","0.5","1","1","false","true","1","true","0.5","0","3000"
"occupation",4828,"0","10","500000","100","30","20","2","20","0.5","0.5","1","1","false","true","2","true","0.5","0","3000"
"occupation",4829,"0","10","500000","100","30","20","2","20","0.5","0.5","1","1","true","true","1","false","0.5","0","3000"
"occupation",4830,"0","10","500000","100","30","20","2","20","0.5","0.5","1","1","true","true","2","false","0.5","0","3000"
"occupation",4831,"0","10","500000","100","30","20","2","20","0.5","0.5","1","1","false","true","1","false","0.5","0","3000"
"occupation",4832,"0","10","500000","100","30","20","2","20","0.5","0.5","1","1","false","true","2","false","0.5","0","3000"
"occupation",4833,"0","10","500000","100","30","20","2","20","0.5","0.5","1","1","false","false","1","true","0.5","0","3000"
"occupation",4834,"0","10","500000","100","30","20","2","20","0.5","0.5","1","1","false","false","2","true","0.5","0","3000"
"occupation",4835,"0","10","500000","100","30","20","2","20","0.5","0.5","1","1","false","false","1","false","0.5","0","3000"
"occupation",4836,"0","10","500000","100","30","20","2","20","0.5","0.5","1","1","false","false","2","false","0.5","0","3000"
"occupation",4837,"0","10","500000","100","30","20","2","20","0.5","0.5","1","2","true","true","1","true","0.5","0","3000"
"occupation",4838,"0","10","500000","100","30","20","2","20","0.5","0.5","1","2","true","true","2","true","0.5","0","3000"
"occupation",4839,"0","10","500000","100","30","20","2","20","0.5","0.5","1","2","false","true","1","true","0.5","0","3000"
"occupation",4840,"0","10","500000","100","30","20","2","20","0.5","0.5","1","2","false","true","2","true","0.5","0","3000"
"occupation",4841,"0","10","500000","100","30","20","2","20","0.5","0.5","1","2","true","true","1","false","0.5","0","3000"
"occupation",4842,"0","10","500000","100","30","20","2","20","0.5","0.5","1","2","true","true","2","false","0.5","0","3000"
"occupation",4843,"0","10","500000","100","30","20","2","20","0.5","0.5","1","2","false","true","1","false","0.5","0","3000"
"occupation",4844,"0","10","500000","100","30","20","2","20","0.5","0.5","1","2","false","true","2","false","0.5","0","3000"
"occupation",4845,"0","10","500000","100","30","20","2","20","0.5","0.5","1","2","false","false","1","true","0.5","0","3000"
"occupation",4846,"0","10","500000","100","30","20","2","20","0.5","0.5","1","2","false","false","2","true","0.5","0","3000"
"occupation",4847,"0","10","500000","100","30","20","2","20","0.5","0.5","1","2","false","false","1","false","0.5","0","3000"
"occupation",4848,"0","10","500000","100","30","20","2","20","0.5","0.5","1","2","false","false","2","false","0.5","0","3000"
"occupation",4849,"0","10","500000","100","30","20","2","20","0.5","0.5","1","3","true","true","1","true","0.5","0","3000"
"occupation",4850,"0","10","500000","100","30","20","2","20","0.5","0.5","1","3","true","true","2","true","0.5","0","3000"
"occupation",4851,"0","10","500000","100","30","20","2","20","0.5","0.5","1","3","false","true","1","true","0.5","0","3000"
"occupation",4852,"0","10","500000","100","30","20","2","20","0.5","0.5","1","3","false","true","2","true","0.5","0","3000"
"occupation",4853,"0","10","500000","100","30","20","2","20","0.5","0.5","1","3","true","true","1","false","0.5","0","3000"
"occupation",4854,"0","10","500000","100","30","20","2","20","0.5","0.5","1","3","true","true","2","false","0.5","0","3000"
"occupation",4855,"0","10","500000","100","30","20","2","20","0.5","0.5","1","3","false","true","1","false","0.5","0","3000"
"occupation",4856,"0","10","500000","100","30","20","2","20","0.5","0.5","1","3","false","true","2","false","0.5","0","3000"
"occupation",4857,"0","10","500000","100","30","20","2","20","0.5","0.5","1","3","false","false","1","true","0.5","0","3000"
"occupation",4858,"0","10","500000","100","30","20","2","20","0.5","0.5","1","3","false","false","2","true","0.5","0","3000"
"occupation",4859,"0","10","500000","100","30","20","2","20","0.5","0.5","1","3","false","false","1","false","0.5","0","3000"
"occupation",4860,"0","10","500000","100","30","20","2","20","0.5","0.5","1","3","false","false","2","false","0.5","0","3000"
"occupation",4861,"0","10","500000","100","30","20","2","20","0.5","0.5","2","1","true","true","1","true","0.5","0","3000"
"occupation",4862,"0","10","500000","100","30","20","2","20","0.5","0.5","2","1","true","true","2","true","0.5","0","3000"
"occupation",4863,"0","10","500000","100","30","20","2","20","0.5","0.5","2","1","false","true","1","true","0.5","0","3000"
"occupation",4864,"0","10","500000","100","30","20","2","20","0.5","0.5","2","1","false","true","2","true","0.5","0","3000"
"occupation",4865,"0","10","500000","100","30","20","2","20","0.5","0.5","2","1","true","true","1","false","0.5","0","3000"
"occupation",4866,"0","10","500000","100","30","20","2","20","0.5","0.5","2","1","true","true","2","false","0.5","0","3000"
"occupation",4867,"0","10","500000","100","30","20","2","20","0.5","0.5","2","1","false","true","1","false","0.5","0","3000"
"occupation",4868,"0","10","500000","100","30","20","2","20","0.5","0.5","2","1","false","true","2","false","0.5","0","3000"
"occupation",4869,"0","10","500000","100","30","20","2","20","0.5","0.5","2","1","false","false","1","true","0.5","0","3000"
"occupation",4870,"0","10","500000","100","30","20","2","20","0.5","0.5","2","1","false","false","2","true","0.5","0","3000"
"occupation",4871,"0","10","500000","100","30","20","2","20","0.5","0.5","2","1","false","false","1","false","0.5","0","3000"
"occupation",4872,"0","10","500000","100","30","20","2","20","0.5","0.5","2","1","false","false","2","false","0.5","0","3000"
"occupation",4873,"0","10","500000","100","30","20","2","20","0.5","0.5","2","2","true","true","1","true","0.5","0","3000"
"occupation",4874,"0","10","500000","100","30","20","2","20","0.5","0.5","2","2","true","true","2","true","0.5","0","3000"
"occupation",4875,"0","10","500000","100","30","20","2","20","0.5","0.5","2","2","false","true","1","true","0.5","0","3000"
"occupation",4876,"0","10","500000","100","30","20","2","20","0.5","0.5","2","2","false","true","2","true","0.5","0","3000"
"occupation",4877,"0","10","500000","100","30","20","2","20","0.5","0.5","2","2","true","true","1","false","0.5","0","3000"
"occupation",4878,"0","10","500000","100","30","20","2","20","0.5","0.5","2","2","true","true","2","false","0.5","0","3000"
"occupation",4879,"0","10","500000","100","30","20","2","20","0.5","0.5","2","2","false","true","1","false","0.5","0","3000"
"occupation",4880,"0","10","500000","100","30","20","2","20","0.5","0.5","2","2","false","true","2","false","0.5","0","3000"
"occupation",4881,"0","10","500000","100","30","20","2","20","0.5","0.5","2","2","false","false","1","true","0.5","0","3000"
"occupation",4882,"0","10","500000","100","30","20","2","20","0.5","0.5","2","2","false","false","2","true","0.5","0","3000"
"occupation",4883,"0","10","500000","100","30","20","2","20","0.5","0.5","2","2","false","false","1","false","0.5","0","3000"
"occupation",4884,"0","10","500000","100","30","20","2","20","0.5","0.5","2","2","false","false","2","false","0.5","0","3000"
"occupation",4885,"0","10","500000","100","30","20","2","20","0.5","0.5","2","3","true","true","1","true","0.5","0","3000"
"occupation",4886,"0","10","500000","100","30","20","2","20","0.5","0.5","2","3","true","true","2","true","0.5","0","3000"
"occupation",4887,"0","10","500000","100","30","20","2","20","0.5","0.5","2","3","false","true","1","true","0.5","0","3000"
"occupation",4888,"0","10","500000","100","30","20","2","20","0.5","0.5","2","3","false","true","2","true","0.5","0","3000"
"occupation",4889,"0","10","500000","100","30","20","2","20","0.5","0.5","2","3","true","true","1","false","0.5","0","3000"
"occupation",4890,"0","10","500000","100","30","20","2","20","0.5","0.5","2","3","true","true","2","false","0.5","0","3000"
"occupation",4891,"0","10","500000","100","30","20","2","20","0.5","0.5","2","3","false","true","1","false","0.5","0","3000"
"occupation",4892,"0","10","500000","100","30","20","2","20","0.5","0.5","2","3","false","true","2","false","0.5","0","3000"
"occupation",4893,"0","10","500000","100","30","20","2","20","0.5","0.5","2","3","false","false","1","true","0.5","0","3000"
"occupation",4894,"0","10","500000","100","30","20","2","20","0.5","0.5","2","3","false","false","2","true","0.5","0","3000"
"occupation",4895,"0","10","500000","100","30","20","2","20","0.5","0.5","2","3","false","false","1","false","0.5","0","3000"
"occupation",4896,"0","10","500000","100","30","20","2","20","0.5","0.5","2","3","false","false","2","false","0.5","0","3000"
"occupation",4897,"0","10","500000","100","30","20","2","20","0.5","0.75","1","1","true","true","1","true","0.5","0","3000"
"occupation",4898,"0","10","500000","100","30","20","2","20","0.5","0.75","1","1","true","true","2","true","0.5","0","3000"
"occupation",4899,"0","10","500000","100","30","20","2","20","0.5","0.75","1","1","false","true","1","true","0.5","0","3000"
"occupation",4900,"0","10","500000","100","30","20","2","20","0.5","0.75","1","1","false","true","2","true","0.5","0","3000"
"occupation",4901,"0","10","500000","100","30","20","2","20","0.5","0.75","1","1","true","true","1","false","0.5","0","3000"
"occupation",4902,"0","10","500000","100","30","20","2","20","0.5","0.75","1","1","true","true","2","false","0.5","0","3000"
"occupation",4903,"0","10","500000","100","30","20","2","20","0.5","0.75","1","1","false","true","1","false","0.5","0","3000"
"occupation",4904,"0","10","500000","100","30","20","2","20","0.5","0.75","1","1","false","true","2","false","0.5","0","3000"
"occupation",4905,"0","10","500000","100","30","20","2","20","0.5","0.75","1","1","false","false","1","true","0.5","0","3000"
"occupation",4906,"0","10","500000","100","30","20","2","20","0.5","0.75","1","1","false","false","2","true","0.5","0","3000"
"occupation",4907,"0","10","500000","100","30","20","2","20","0.5","0.75","1","1","false","false","1","false","0.5","0","3000"
"occupation",4908,"0","10","500000","100","30","20","2","20","0.5","0.75","1","1","false","false","2","false","0.5","0","3000"
"occupation",4909,"0","10","500000","100","30","20","2","20","0.5","0.75","1","2","true","true","1","true","0.5","0","3000"
"occupation",4910,"0","10","500000","100","30","20","2","20","0.5","0.75","1","2","true","true","2","true","0.5","0","3000"
"occupation",4911,"0","10","500000","100","30","20","2","20","0.5","0.75","1","2","false","true","1","true","0.5","0","3000"
"occupation",4912,"0","10","500000","100","30","20","2","20","0.5","0.75","1","2","false","true","2","true","0.5","0","3000"
"occupation",4913,"0","10","500000","100","30","20","2","20","0.5","0.75","1","2","true","true","1","false","0.5","0","3000"
"occupation",4914,"0","10","500000","100","30","20","2","20","0.5","0.75","1","2","true","true","2","false","0.5","0","3000"
"occupation",4915,"0","10","500000","100","30","20","2","20","0.5","0.75","1","2","false","true","1","false","0.5","0","3000"
"occupation",4916,"0","10","500000","100","30","20","2","20","0.5","0.75","1","2","false","true","2","false","0.5","0","3000"
"occupation",4917,"0","10","500000","100","30","20","2","20","0.5","0.75","1","2","false","false","1","true","0.5","0","3000"
"occupation",4918,"0","10","500000","100","30","20","2","20","0.5","0.75","1","2","false","false","2","true","0.5","0","3000"
"occupation",4919,"0","10","500000","100","30","20","2","20","0.5","0.75","1","2","false","false","1","false","0.5","0","3000"
"occupation",4920,"0","10","500000","100","30","20","2","20","0.5","0.75","1","2","false","false","2","false","0.5","0","3000"
"occupation",4921,"0","10","500000","100","30","20","2","20","0.5","0.75","1","3","true","true","1","true","0.5","0","3000"
"occupation",4922,"0","10","500000","100","30","20","2","20","0.5","0.75","1","3","true","true","2","true","0.5","0","3000"
"occupation",4923,"0","10","500000","100","30","20","2","20","0.5","0.75","1","3","false","true","1","true","0.5","0","3000"
"occupation",4924,"0","10","500000","100","30","20","2","20","0.5","0.75","1","3","false","true","2","true","0.5","0","3000"
"occupation",4925,"0","10","500000","100","30","20","2","20","0.5","0.75","1","3","true","true","1","false","0.5","0","3000"
"occupation",4926,"0","10","500000","100","30","20","2","20","0.5","0.75","1","3","true","true","2","false","0.5","0","3000"
"occupation",4927,"0","10","500000","100","30","20","2","20","0.5","0.75","1","3","false","true","1","false","0.5","0","3000"
"occupation",4928,"0","10","500000","100","30","20","2","20","0.5","0.75","1","3","false","true","2","false","0.5","0","3000"
"occupation",4929,"0","10","500000","100","30","20","2","20","0.5","0.75","1","3","false","false","1","true","0.5","0","3000"
"occupation",4930,"0","10","500000","100","30","20","2","20","0.5","0.75","1","3","false","false","2","true","0.5","0","3000"
"occupation",4931,"0","10","500000","100","30","20","2","20","0.5","0.75","1","3","false","false","1","false","0.5","0","3000"
"occupation",4932,"0","10","500000","100","30","20","2","20","0.5","0.75","1","3","false","false","2","false","0.5","0","3000"
"occupation",4933,"0","10","500000","100","30","20","2","20","0.5","0.75","2","1","true","true","1","true","0.5","0","3000"
"occupation",4934,"0","10","500000","100","30","20","2","20","0.5","0.75","2","1","true","true","2","true","0.5","0","3000"
"occupation",4935,"0","10","500000","100","30","20","2","20","0.5","0.75","2","1","false","true","1","true","0.5","0","3000"
"occupation",4936,"0","10","500000","100","30","20","2","20","0.5","0.75","2","1","false","true","2","true","0.5","0","3000"
"occupation",4937,"0","10","500000","100","30","20","2","20","0.5","0.75","2","1","true","true","1","false","0.5","0","3000"
"occupation",4938,"0","10","500000","100","30","20","2","20","0.5","0.75","2","1","true","true","2","false","0.5","0","3000"
"occupation",4939,"0","10","500000","100","30","20","2","20","0.5","0.75","2","1","false","true","1","false","0.5","0","3000"
"occupation",4940,"0","10","500000","100","30","20","2","20","0.5","0.75","2","1","false","true","2","false","0.5","0","3000"
"occupation",4941,"0","10","500000","100","30","20","2","20","0.5","0.75","2","1","false","false","1","true","0.5","0","3000"
"occupation",4942,"0","10","500000","100","30","20","2","20","0.5","0.75","2","1","false","false","2","true","0.5","0","3000"
"occupation",4943,"0","10","500000","100","30","20","2","20","0.5","0.75","2","1","false","false","1","false","0.5","0","3000"
"occupation",4944,"0","10","500000","100","30","20","2","20","0.5","0.75","2","1","false","false","2","false","0.5","0","3000"
"occupation",4945,"0","10","500000","100","30","20","2","20","0.5","0.75","2","2","true","true","1","true","0.5","0","3000"
"occupation",4946,"0","10","500000","100","30","20","2","20","0.5","0.75","2","2","true","true","2","true","0.5","0","3000"
"occupation",4947,"0","10","500000","100","30","20","2","20","0.5","0.75","2","2","false","true","1","true","0.5","0","3000"
"occupation",4948,"0","10","500000","100","30","20","2","20","0.5","0.75","2","2","false","true","2","true","0.5","0","3000"
"occupation",4949,"0","10","500000","100","30","20","2","20","0.5","0.75","2","2","true","true","1","false","0.5","0","3000"
"occupation",4950,"0","10","500000","100","30","20","2","20","0.5","0.75","2","2","true","true","2","false","0.5","0","3000"
"occupation",4951,"0","10","500000","100","30","20","2","20","0.5","0.75","2","2","false","true","1","false","0.5","0","3000"
"occupation",4952,"0","10","500000","100","30","20","2","20","0.5","0.75","2","2","false","true","2","false","0.5","0","3000"
"occupation",4953,"0","10","500000","100","30","20","2","20","0.5","0.75","2","2","false","false","1","true","0.5","0","3000"
"occupation",4954,"0","10","500000","100","30","20","2","20","0.5","0.75","2","2","false","false","2","true","0.5","0","3000"
"occupation",4955,"0","10","500000","100","30","20","2","20","0.5","0.75","2","2","false","false","1","false","0.5","0","3000"
"occupation",4956,"0","10","500000","100","30","20","2","20","0.5","0.75","2","2","false","false","2","false","0.5","0","3000"
"occupation",4957,"0","10","500000","100","30","20","2","20","0.5","0.75","2","3","true","true","1","true","0.5","0","3000"
"occupation",4958,"0","10","500000","100","30","20","2","20","0.5","0.75","2","3","true","true","2","true","0.5","0","3000"
"occupation",4959,"0","10","500000","100","30","20","2","20","0.5","0.75","2","3","false","true","1","true","0.5","0","3000"
"occupation",4960,"0","10","500000","100","30","20","2","20","0.5","0.75","2","3","false","true","2","true","0.5","0","3000"
"occupation",4961,"0","10","500000","100","30","20","2","20","0.5","0.75","2","3","true","true","1","false","0.5","0","3000"
"occupation",4962,"0","10","500000","100","30","20","2","20","0.5","0.75","2","3","true","true","2","false","0.5","0","3000"
"occupation",4963,"0","10","500000","100","30","20","2","20","0.5","0.75","2","3","false","true","1","false","0.5","0","3000"
"occupation",4964,"0","10","500000","100","30","20","2","20","0.5","0.75","2","3","false","true","2","false","0.5","0","3000"
"occupation",4965,"0","10","500000","100","30","20","2","20","0.5","0.75","2","3","false","false","1","true","0.5","0","3000"
"occupation",4966,"0","10","500000","100","30","20","2","20","0.5","0.75","2","3","false","false","2","true","0.5","0","3000"
"occupation",4967,"0","10","500000","100","30","20","2","20","0.5","0.75","2","3","false","false","1","false","0.5","0","3000"
"occupation",4968,"0","10","500000","100","30","20","2","20","0.5","0.75","2","3","false","false","2","false","0.5","0","3000"
"occupation",4969,"0","10","500000","100","30","20","2","20","0.75","0.25","1","1","true","true","1","true","0.5","0","3000"
"occupation",4970,"0","10","500000","100","30","20","2","20","0.75","0.25","1","1","true","true","2","true","0.5","0","3000"
"occupation",4971,"0","10","500000","100","30","20","2","20","0.75","0.25","1","1","false","true","1","true","0.5","0","3000"
"occupation",4972,"0","10","500000","100","30","20","2","20","0.75","0.25","1","1","false","true","2","true","0.5","0","3000"
"occupation",4973,"0","10","500000","100","30","20","2","20","0.75","0.25","1","1","true","true","1","false","0.5","0","3000"
"occupation",4974,"0","10","500000","100","30","20","2","20","0.75","0.25","1","1","true","true","2","false","0.5","0","3000"
"occupation",4975,"0","10","500000","100","30","20","2","20","0.75","0.25","1","1","false","true","1","false","0.5","0","3000"
"occupation",4976,"0","10","500000","100","30","20","2","20","0.75","0.25","1","1","false","true","2","false","0.5","0","3000"
"occupation",4977,"0","10","500000","100","30","20","2","20","0.75","0.25","1","1","false","false","1","true","0.5","0","3000"
"occupation",4978,"0","10","500000","100","30","20","2","20","0.75","0.25","1","1","false","false","2","true","0.5","0","3000"
"occupation",4979,"0","10","500000","100","30","20","2","20","0.75","0.25","1","1","false","false","1","false","0.5","0","3000"
"occupation",4980,"0","10","500000","100","30","20","2","20","0.75","0.25","1","1","false","false","2","false","0.5","0","3000"
"occupation",4981,"0","10","500000","100","30","20","2","20","0.75","0.25","1","2","true","true","1","true","0.5","0","3000"
"occupation",4982,"0","10","500000","100","30","20","2","20","0.75","0.25","1","2","true","true","2","true","0.5","0","3000"
"occupation",4983,"0","10","500000","100","30","20","2","20","0.75","0.25","1","2","false","true","1","true","0.5","0","3000"
"occupation",4984,"0","10","500000","100","30","20","2","20","0.75","0.25","1","2","false","true","2","true","0.5","0","3000"
"occupation",4985,"0","10","500000","100","30","20","2","20","0.75","0.25","1","2","true","true","1","false","0.5","0","3000"
"occupation",4986,"0","10","500000","100","30","20","2","20","0.75","0.25","1","2","true","true","2","false","0.5","0","3000"
"occupation",4987,"0","10","500000","100","30","20","2","20","0.75","0.25","1","2","false","true","1","false","0.5","0","3000"
"occupation",4988,"0","10","500000","100","30","20","2","20","0.75","0.25","1","2","false","true","2","false","0.5","0","3000"
"occupation",4989,"0","10","500000","100","30","20","2","20","0.75","0.25","1","2","false","false","1","true","0.5","0","3000"
"occupation",4990,"0","10","500000","100","30","20","2","20","0.75","0.25","1","2","false","false","2","true","0.5","0","3000"
"occupation",4991,"0","10","500000","100","30","20","2","20","0.75","0.25","1","2","false","false","1","false","0.5","0","3000"
"occupation",4992,"0","10","500000","100","30","20","2","20","0.75","0.25","1","2","false","false","2","false","0.5","0","3000"
"occupation",4993,"0","10","500000","100","30","20","2","20","0.75","0.25","1","3","true","true","1","true","0.5","0","3000"
"occupation",4994,"0","10","500000","100","30","20","2","20","0.75","0.25","1","3","true","true","2","true","0.5","0","3000"
"occupation",4995,"0","10","500000","100","30","20","2","20","0.75","0.25","1","3","false","true","1","true","0.5","0","3000"
"occupation",4996,"0","10","500000","100","30","20","2","20","0.75","0.25","1","3","false","true","2","true","0.5","0","3000"
"occupation",4997,"0","10","500000","100","30","20","2","20","0.75","0.25","1","3","true","true","1","false","0.5","0","3000"
"occupation",4998,"0","10","500000","100","30","20","2","20","0.75","0.25","1","3","true","true","2","false","0.5","0","3000"
"occupation",4999,"0","10","500000","100","30","20","2","20","0.75","0.25","1","3","false","true","1","false","0.5","0","3000"
"occupation",5000,"0","10","500000","100","30","20","2","20","0.75","0.25","1","3","false","true","2","false","0.5","0","3000"
"occupation",5001,"0","10","500000","100","30","20","2","20","0.75","0.25","1","3","false","false","1","true","0.5","0","3000"
"occupation",5002,"0","10","500000","100","30","20","2","20","0.75","0.25","1","3","false","false","2","true","0.5","0","3000"
"occupation",5003,"0","10","500000","100","30","20","2","20","0.75","0.25","1","3","false","false","1","false","0.5","0","3000"
"occupation",5004,"0","10","500000","100","30","20","2","20","0.75","0.25","1","3","false","false","2","false","0.5","0","3000"
"occupation",5005,"0","10","500000","100","30","20","2","20","0.75","0.25","2","1","true","true","1","true","0.5","0","3000"
"occupation",5006,"0","10","500000","100","30","20","2","20","0.75","0.25","2","1","true","true","2","true","0.5","0","3000"
"occupation",5007,"0","10","500000","100","30","20","2","20","0.75","0.25","2","1","false","true","1","true","0.5","0","3000"
"occupation",5008,"0","10","500000","100","30","20","2","20","0.75","0.25","2","1","false","true","2","true","0.5","0","3000"
"occupation",5009,"0","10","500000","100","30","20","2","20","0.75","0.25","2","1","true","true","1","false","0.5","0","3000"
"occupation",5010,"0","10","500000","100","30","20","2","20","0.75","0.25","2","1","true","true","2","false","0.5","0","3000"
"occupation",5011,"0","10","500000","100","30","20","2","20","0.75","0.25","2","1","false","true","1","false","0.5","0","3000"
"occupation",5012,"0","10","500000","100","30","20","2","20","0.75","0.25","2","1","false","true","2","false","0.5","0","3000"
"occupation",5013,"0","10","500000","100","30","20","2","20","0.75","0.25","2","1","false","false","1","true","0.5","0","3000"
"occupation",5014,"0","10","500000","100","30","20","2","20","0.75","0.25","2","1","false","false","2","true","0.5","0","3000"
"occupation",5015,"0","10","500000","100","30","20","2","20","0.75","0.25","2","1","false","false","1","false","0.5","0","3000"
"occupation",5016,"0","10","500000","100","30","20","2","20","0.75","0.25","2","1","false","false","2","false","0.5","0","3000"
"occupation",5017,"0","10","500000","100","30","20","2","20","0.75","0.25","2","2","true","true","1","true","0.5","0","3000"
"occupation",5018,"0","10","500000","100","30","20","2","20","0.75","0.25","2","2","true","true","2","true","0.5","0","3000"
"occupation",5019,"0","10","500000","100","30","20","2","20","0.75","0.25","2","2","false","true","1","true","0.5","0","3000"
"occupation",5020,"0","10","500000","100","30","20","2","20","0.75","0.25","2","2","false","true","2","true","0.5","0","3000"
"occupation",5021,"0","10","500000","100","30","20","2","20","0.75","0.25","2","2","true","true","1","false","0.5","0","3000"
"occupation",5022,"0","10","500000","100","30","20","2","20","0.75","0.25","2","2","true","true","2","false","0.5","0","3000"
"occupation",5023,"0","10","500000","100","30","20","2","20","0.75","0.25","2","2","false","true","1","false","0.5","0","3000"
"occupation",5024,"0","10","500000","100","30","20","2","20","0.75","0.25","2","2","false","true","2","false","0.5","0","3000"
"occupation",5025,"0","10","500000","100","30","20","2","20","0.75","0.25","2","2","false","false","1","true","0.5","0","3000"
"occupation",5026,"0","10","500000","100","30","20","2","20","0.75","0.25","2","2","false","false","2","true","0.5","0","3000"
"occupation",5027,"0","10","500000","100","30","20","2","20","0.75","0.25","2","2","false","false","1","false","0.5","0","3000"
"occupation",5028,"0","10","500000","100","30","20","2","20","0.75","0.25","2","2","false","false","2","false","0.5","0","3000"
"occupation",5029,"0","10","500000","100","30","20","2","20","0.75","0.25","2","3","true","true","1","true","0.5","0","3000"
"occupation",5030,"0","10","500000","100","30","20","2","20","0.75","0.25","2","3","true","true","2","true","0.5","0","3000"
"occupation",5031,"0","10","500000","100","30","20","2","20","0.75","0.25","2","3","false","true","1","true","0.5","0","3000"
"occupation",5032,"0","10","500000","100","30","20","2","20","0.75","0.25","2","3","false","true","2","true","0.5","0","3000"
"occupation",5033,"0","10","500000","100","30","20","2","20","0.75","0.25","2","3","true","true","1","false","0.5","0","3000"
"occupation",5034,"0","10","500000","100","30","20","2","20","0.75","0.25","2","3","true","true","2","false","0.5","0","3000"
"occupation",5035,"0","10","500000","100","30","20","2","20","0.75","0.25","2","3","false","true","1","false","0.5","0","3000"
"occupation",5036,"0","10","500000","100","30","20","2","20","0.75","0.25","2","3","false","true","2","false","0.5","0","3000"
"occupation",5037,"0","10","500000","100","30","20","2","20","0.75","0.25","2","3","false","false","1","true","0.5","0","3000"
"occupation",5038,"0","10","500000","100","30","20","2","20","0.75","0.25","2","3","false","false","2","true","0.5","0","3000"
"occupation",5039,"0","10","500000","100","30","20","2","20","0.75","0.25","2","3","false","false","1","false","0.5","0","3000"
"occupation",5040,"0","10","500000","100","30","20","2","20","0.75","0.25","2","3","false","false","2","false","0.5","0","3000"
"occupation",5041,"0","10","500000","100","30","20","2","20","0.75","0.5","1","1","true","true","1","true","0.5","0","3000"
"occupation",5042,"0","10","500000","100","30","20","2","20","0.75","0.5","1","1","true","true","2","true","0.5","0","3000"
"occupation",5043,"0","10","500000","100","30","20","2","20","0.75","0.5","1","1","false","true","1","true","0.5","0","3000"
"occupation",5044,"0","10","500000","100","30","20","2","20","0.75","0.5","1","1","false","true","2","true","0.5","0","3000"
"occupation",5045,"0","10","500000","100","30","20","2","20","0.75","0.5","1","1","true","true","1","false","0.5","0","3000"
"occupation",5046,"0","10","500000","100","30","20","2","20","0.75","0.5","1","1","true","true","2","false","0.5","0","3000"
"occupation",5047,"0","10","500000","100","30","20","2","20","0.75","0.5","1","1","false","true","1","false","0.5","0","3000"
"occupation",5048,"0","10","500000","100","30","20","2","20","0.75","0.5","1","1","false","true","2","false","0.5","0","3000"
"occupation",5049,"0","10","500000","100","30","20","2","20","0.75","0.5","1","1","false","false","1","true","0.5","0","3000"
"occupation",5050,"0","10","500000","100","30","20","2","20","0.75","0.5","1","1","false","false","2","true","0.5","0","3000"
"occupation",5051,"0","10","500000","100","30","20","2","20","0.75","0.5","1","1","false","false","1","false","0.5","0","3000"
"occupation",5052,"0","10","500000","100","30","20","2","20","0.75","0.5","1","1","false","false","2","false","0.5","0","3000"
"occupation",5053,"0","10","500000","100","30","20","2","20","0.75","0.5","1","2","true","true","1","true","0.5","0","3000"
"occupation",5054,"0","10","500000","100","30","20","2","20","0.75","0.5","1","2","true","true","2","true","0.5","0","3000"
"occupation",5055,"0","10","500000","100","30","20","2","20","0.75","0.5","1","2","false","true","1","true","0.5","0","3000"
"occupation",5056,"0","10","500000","100","30","20","2","20","0.75","0.5","1","2","false","true","2","true","0.5","0","3000"
"occupation",5057,"0","10","500000","100","30","20","2","20","0.75","0.5","1","2","true","true","1","false","0.5","0","3000"
"occupation",5058,"0","10","500000","100","30","20","2","20","0.75","0.5","1","2","true","true","2","false","0.5","0","3000"
"occupation",5059,"0","10","500000","100","30","20","2","20","0.75","0.5","1","2","false","true","1","false","0.5","0","3000"
"occupation",5060,"0","10","500000","100","30","20","2","20","0.75","0.5","1","2","false","true","2","false","0.5","0","3000"
"occupation",5061,"0","10","500000","100","30","20","2","20","0.75","0.5","1","2","false","false","1","true","0.5","0","3000"
"occupation",5062,"0","10","500000","100","30","20","2","20","0.75","0.5","1","2","false","false","2","true","0.5","0","3000"
"occupation",5063,"0","10","500000","100","30","20","2","20","0.75","0.5","1","2","false","false","1","false","0.5","0","3000"
"occupation",5064,"0","10","500000","100","30","20","2","20","0.75","0.5","1","2","false","false","2","false","0.5","0","3000"
"occupation",5065,"0","10","500000","100","30","20","2","20","0.75","0.5","1","3","true","true","1","true","0.5","0","3000"
"occupation",5066,"0","10","500000","100","30","20","2","20","0.75","0.5","1","3","true","true","2","true","0.5","0","3000"
"occupation",5067,"0","10","500000","100","30","20","2","20","0.75","0.5","1","3","false","true","1","true","0.5","0","3000"
"occupation",5068,"0","10","500000","100","30","20","2","20","0.75","0.5","1","3","false","true","2","true","0.5","0","3000"
"occupation",5069,"0","10","500000","100","30","20","2","20","0.75","0.5","1","3","true","true","1","false","0.5","0","3000"
"occupation",5070,"0","10","500000","100","30","20","2","20","0.75","0.5","1","3","true","true","2","false","0.5","0","3000"
"occupation",5071,"0","10","500000","100","30","20","2","20","0.75","0.5","1","3","false","true","1","false","0.5","0","3000"
"occupation",5072,"0","10","500000","100","30","20","2","20","0.75","0.5","1","3","false","true","2","false","0.5","0","3000"
"occupation",5073,"0","10","500000","100","30","20","2","20","0.75","0.5","1","3","false","false","1","true","0.5","0","3000"
"occupation",5074,"0","10","500000","100","30","20","2","20","0.75","0.5","1","3","false","false","2","true","0.5","0","3000"
"occupation",5075,"0","10","500000","100","30","20","2","20","0.75","0.5","1","3","false","false","1","false","0.5","0","3000"
"occupation",5076,"0","10","500000","100","30","20","2","20","0.75","0.5","1","3","false","false","2","false","0.5","0","3000"
"occupation",5077,"0","10","500000","100","30","20","2","20","0.75","0.5","2","1","true","true","1","true","0.5","0","3000"
"occupation",5078,"0","10","500000","100","30","20","2","20","0.75","0.5","2","1","true","true","2","true","0.5","0","3000"
"occupation",5079,"0","10","500000","100","30","20","2","20","0.75","0.5","2","1","false","true","1","true","0.5","0","3000"
"occupation",5080,"0","10","500000","100","30","20","2","20","0.75","0.5","2","1","false","true","2","true","0.5","0","3000"
"occupation",5081,"0","10","500000","100","30","20","2","20","0.75","0.5","2","1","true","true","1","false","0.5","0","3000"
"occupation",5082,"0","10","500000","100","30","20","2","20","0.75","0.5","2","1","true","true","2","false","0.5","0","3000"
"occupation",5083,"0","10","500000","100","30","20","2","20","0.75","0.5","2","1","false","true","1","false","0.5","0","3000"
"occupation",5084,"0","10","500000","100","30","20","2","20","0.75","0.5","2","1","false","true","2","false","0.5","0","3000"
"occupation",5085,"0","10","500000","100","30","20","2","20","0.75","0.5","2","1","false","false","1","true","0.5","0","3000"
"occupation",5086,"0","10","500000","100","30","20","2","20","0.75","0.5","2","1","false","false","2","true","0.5","0","3000"
"occupation",5087,"0","10","500000","100","30","20","2","20","0.75","0.5","2","1","false","false","1","false","0.5","0","3000"
"occupation",5088,"0","10","500000","100","30","20","2","20","0.75","0.5","2","1","false","false","2","false","0.5","0","3000"
"occupation",5089,"0","10","500000","100","30","20","2","20","0.75","0.5","2","2","true","true","1","true","0.5","0","3000"
"occupation",5090,"0","10","500000","100","30","20","2","20","0.75","0.5","2","2","true","true","2","true","0.5","0","3000"
"occupation",5091,"0","10","500000","100","30","20","2","20","0.75","0.5","2","2","false","true","1","true","0.5","0","3000"
"occupation",5092,"0","10","500000","100","30","20","2","20","0.75","0.5","2","2","false","true","2","true","0.5","0","3000"
"occupation",5093,"0","10","500000","100","30","20","2","20","0.75","0.5","2","2","true","true","1","false","0.5","0","3000"
"occupation",5094,"0","10","500000","100","30","20","2","20","0.75","0.5","2","2","true","true","2","false","0.5","0","3000"
"occupation",5095,"0","10","500000","100","30","20","2","20","0.75","0.5","2","2","false","true","1","false","0.5","0","3000"
"occupation",5096,"0","10","500000","100","30","20","2","20","0.75","0.5","2","2","false","true","2","false","0.5","0","3000"
"occupation",5097,"0","10","500000","100","30","20","2","20","0.75","0.5","2","2","false","false","1","true","0.5","0","3000"
"occupation",5098,"0","10","500000","100","30","20","2","20","0.75","0.5","2","2","false","false","2","true","0.5","0","3000"
"occupation",5099,"0","10","500000","100","30","20","2","20","0.75","0.5","2","2","false","false","1","false","0.5","0","3000"
"occupation",5100,"0","10","500000","100","30","20","2","20","0.75","0.5","2","2","false","false","2","false","0.5","0","3000"
"occupation",5101,"0","10","500000","100","30","20","2","20","0.75","0.5","2","3","true","true","1","true","0.5","0","3000"
"occupation",5102,"0","10","500000","100","30","20","2","20","0.75","0.5","2","3","true","true","2","true","0.5","0","3000"
"occupation",5103,"0","10","500000","100","30","20","2","20","0.75","0.5","2","3","false","true","1","true","0.5","0","3000"
"occupation",5104,"0","10","500000","100","30","20","2","20","0.75","0.5","2","3","false","true","2","true","0.5","0","3000"
"occupation",5105,"0","10","500000","100","30","20","2","20","0.75","0.5","2","3","true","true","1","false","0.5","0","3000"
"occupation",5106,"0","10","500000","100","30","20","2","20","0.75","0.5","2","3","true","true","2","false","0.5","0","3000"
"occupation",5107,"0","10","500000","100","30","20","2","20","0.75","0.5","2","3","false","true","1","false","0.5","0","3000"
"occupation",5108,"0","10","500000","100","30","20","2","20","0.75","0.5","2","3","false","true","2","false","0.5","0","3000"
"occupation",5109,"0","10","500000","100","30","20","2","20","0.75","0.5","2","3","false","false","1","true","0.5","0","3000"
"occupation",5110,"0","10","500000","100","30","20","2","20","0.75","0.5","2","3","false","false","2","true","0.5","0","3000"
"occupation",5111,"0","10","500000","100","30","20","2","20","0.75","0.5","2","3","false","false","1","false","0.5","0","3000"
"occupation",5112,"0","10","500000","100","30","20","2","20","0.75","0.5","2","3","false","false","2","false","0.5","0","3000"
"occupation",5113,"0","10","500000","100","30","20","2","20","0.75","0.75","1","1","true","true","1","true","0.5","0","3000"
"occupation",5114,"0","10","500000","100","30","20","2","20","0.75","0.75","1","1","true","true","2","true","0.5","0","3000"
"occupation",5115,"0","10","500000","100","30","20","2","20","0.75","0.75","1","1","false","true","1","true","0.5","0","3000"
"occupation",5116,"0","10","500000","100","30","20","2","20","0.75","0.75","1","1","false","true","2","true","0.5","0","3000"
"occupation",5117,"0","10","500000","100","30","20","2","20","0.75","0.75","1","1","true","true","1","false","0.5","0","3000"
"occupation",5118,"0","10","500000","100","30","20","2","20","0.75","0.75","1","1","true","true","2","false","0.5","0","3000"
"occupation",5119,"0","10","500000","100","30","20","2","20","0.75","0.75","1","1","false","true","1","false","0.5","0","3000"
"occupation",5120,"0","10","500000","100","30","20","2","20","0.75","0.75","1","1","false","true","2","false","0.5","0","3000"
"occupation",5121,"0","10","500000","100","30","20","2","20","0.75","0.75","1","1","false","false","1","true","0.5","0","3000"
"occupation",5122,"0","10","500000","100","30","20","2","20","0.75","0.75","1","1","false","false","2","true","0.5","0","3000"
"occupation",5123,"0","10","500000","100","30","20","2","20","0.75","0.75","1","1","false","false","1","false","0.5","0","3000"
"occupation",5124,"0","10","500000","100","30","20","2","20","0.75","0.75","1","1","false","false","2","false","0.5","0","3000"
"occupation",5125,"0","10","500000","100","30","20","2","20","0.75","0.75","1","2","true","true","1","true","0.5","0","3000"
"occupation",5126,"0","10","500000","100","30","20","2","20","0.75","0.75","1","2","true","true","2","true","0.5","0","3000"
"occupation",5127,"0","10","500000","100","30","20","2","20","0.75","0.75","1","2","false","true","1","true","0.5","0","3000"
"occupation",5128,"0","10","500000","100","30","20","2","20","0.75","0.75","1","2","false","true","2","true","0.5","0","3000"
"occupation",5129,"0","10","500000","100","30","20","2","20","0.75","0.75","1","2","true","true","1","false","0.5","0","3000"
"occupation",5130,"0","10","500000","100","30","20","2","20","0.75","0.75","1","2","true","true","2","false","0.5","0","3000"
"occupation",5131,"0","10","500000","100","30","20","2","20","0.75","0.75","1","2","false","true","1","false","0.5","0","3000"
"occupation",5132,"0","10","500000","100","30","20","2","20","0.75","0.75","1","2","false","true","2","false","0.5","0","3000"
"occupation",5133,"0","10","500000","100","30","20","2","20","0.75","0.75","1","2","false","false","1","true","0.5","0","3000"
"occupation",5134,"0","10","500000","100","30","20","2","20","0.75","0.75","1","2","false","false","2","true","0.5","0","3000"
"occupation",5135,"0","10","500000","100","30","20","2","20","0.75","0.75","1","2","false","false","1","false","0.5","0","3000"
"occupation",5136,"0","10","500000","100","30","20","2","20","0.75","0.75","1","2","false","false","2","false","0.5","0","3000"
"occupation",5137,"0","10","500000","100","30","20","2","20","0.75","0.75","1","3","true","true","1","true","0.5","0","3000"
"occupation",5138,"0","10","500000","100","30","20","2","20","0.75","0.75","1","3","true","true","2","true","0.5","0","3000"
"occupation",5139,"0","10","500000","100","30","20","2","20","0.75","0.75","1","3","false","true","1","true","0.5","0","3000"
"occupation",5140,"0","10","500000","100","30","20","2","20","0.75","0.75","1","3","false","true","2","true","0.5","0","3000"
"occupation",5141,"0","10","500000","100","30","20","2","20","0.75","0.75","1","3","true","true","1","false","0.5","0","3000"
"occupation",5142,"0","10","500000","100","30","20","2","20","0.75","0.75","1","3","true","true","2","false","0.5","0","3000"
"occupation",5143,"0","10","500000","100","30","20","2","20","0.75","0.75","1","3","false","true","1","false","0.5","0","3000"
"occupation",5144,"0","10","500000","100","30","20","2","20","0.75","0.75","1","3","false","true","2","false","0.5","0","3000"
"occupation",5145,"0","10","500000","100","30","20","2","20","0.75","0.75","1","3","false","false","1","true","0.5","0","3000"
"occupation",5146,"0","10","500000","100","30","20","2","20","0.75","0.75","1","3","false","false","2","true","0.5","0","3000"
"occupation",5147,"0","10","500000","100","30","20","2","20","0.75","0.75","1","3","false","false","1","false","0.5","0","3000"
"occupation",5148,"0","10","500000","100","30","20","2","20","0.75","0.75","1","3","false","false","2","false","0.5","0","3000"
"occupation",5149,"0","10","500000","100","30","20","2","20","0.75","0.75","2","1","true","true","1","true","0.5","0","3000"
"occupation",5150,"0","10","500000","100","30","20","2","20","0.75","0.75","2","1","true","true","2","true","0.5","0","3000"
"occupation",5151,"0","10","500000","100","30","20","2","20","0.75","0.75","2","1","false","true","1","true","0.5","0","3000"
"occupation",5152,"0","10","500000","100","30","20","2","20","0.75","0.75","2","1","false","true","2","true","0.5","0","3000"
"occupation",5153,"0","10","500000","100","30","20","2","20","0.75","0.75","2","1","true","true","1","false","0.5","0","3000"
"occupation",5154,"0","10","500000","100","30","20","2","20","0.75","0.75","2","1","true","true","2","false","0.5","0","3000"
"occupation",5155,"0","10","500000","100","30","20","2","20","0.75","0.75","2","1","false","true","1","false","0.5","0","3000"
"occupation",5156,"0","10","500000","100","30","20","2","20","0.75","0.75","2","1","false","true","2","false","0.5","0","3000"
"occupation",5157,"0","10","500000","100","30","20","2","20","0.75","0.75","2","1","false","false","1","true","0.5","0","3000"
"occupation",5158,"0","10","500000","100","30","20","2","20","0.75","0.75","2","1","false","false","2","true","0.5","0","3000"
"occupation",5159,"0","10","500000","100","30","20","2","20","0.75","0.75","2","1","false","false","1","false","0.5","0","3000"
"occupation",5160,"0","10","500000","100","30","20","2","20","0.75","0.75","2","1","false","false","2","false","0.5","0","3000"
"occupation",5161,"0","10","500000","100","30","20","2","20","0.75","0.75","2","2","true","true","1","true","0.5","0","3000"
"occupation",5162,"0","10","500000","100","30","20","2","20","0.75","0.75","2","2","true","true","2","true","0.5","0","3000"
"occupation",5163,"0","10","500000","100","30","20","2","20","0.75","0.75","2","2","false","true","1","true","0.5","0","3000"
"occupation",5164,"0","10","500000","100","30","20","2","20","0.75","0.75","2","2","false","true","2","true","0.5","0","3000"
"occupation",5165,"0","10","500000","100","30","20","2","20","0.75","0.75","2","2","true","true","1","false","0.5","0","3000"
"occupation",5166,"0","10","500000","100","30","20","2","20","0.75","0.75","2","2","true","true","2","false","0.5","0","3000"
"occupation",5167,"0","10","500000","100","30","20","2","20","0.75","0.75","2","2","false","true","1","false","0.5","0","3000"
"occupation",5168,"0","10","500000","100","30","20","2","20","0.75","0.75","2","2","false","true","2","false","0.5","0","3000"
"occupation",5169,"0","10","500000","100","30","20","2","20","0.75","0.75","2","2","false","false","1","true","0.5","0","3000"
"occupation",5170,"0","10","500000","100","30","20","2","20","0.75","0.75","2","2","false","false","2","true","0.5","0","3000"
"occupation",5171,"0","10","500000","100","30","20","2","20","0.75","0.75","2","2","false","false","1","false","0.5","0","3000"
"occupation",5172,"0","10","500000","100","30","20","2","20","0.75","0.75","2","2","false","false","2","false","0.5","0","3000"
"occupation",5173,"0","10","500000","100","30","20","2","20","0.75","0.75","2","3","true","true","1","true","0.5","0","3000"
"occupation",5174,"0","10","500000","100","30","20","2","20","0.75","0.75","2","3","true","true","2","true","0.5","0","3000"
"occupation",5175,"0","10","500000","100","30","20","2","20","0.75","0.75","2","3","false","true","1","true","0.5","0","3000"
"occupation",5176,"0","10","500000","100","30","20","2","20","0.75","0.75","2","3","false","true","2","true","0.5","0","3000"
"occupation",5177,"0","10","500000","100","30","20","2","20","0.75","0.75","2","3","true","true","1","false","0.5","0","3000"
"occupation",5178,"0","10","500000","100","30","20","2","20","0.75","0.75","2","3","true","true","2","false","0.5","0","3000"
"occupation",5179,"0","10","500000","100","30","20","2","20","0.75","0.75","2","3","false","true","1","false","0.5","0","3000"
"occupation",5180,"0","10","500000","100","30","20","2","20","0.75","0.75","2","3","false","true","2","false","0.5","0","3000"
"occupation",5181,"0","10","500000","100","30","20","2","20","0.75","0.75","2","3","false","false","1","true","0.5","0","3000"
"occupation",5182,"0","10","500000","100","30","20","2","20","0.75","0.75","2","3","false","false","2","true","0.5","0","3000"
"occupation",5183,"0","10","500000","100","30","20","2","20","0.75","0.75","2","3","false","false","1","false","0.5","0","3000"
"occupation",5184,"0","10","500000","100","30","20","2","20","0.75","0.75","2","3","false","false","2","false","0.5","0","3000"
NA,NA,NA,NA,NA,NA,NA,NA,NA,NA,NA,NA,NA,NA,NA,NA,NA,NA,NA,NA,NA
NA,NA,NA,NA,NA,NA,NA,NA,NA,NA,NA,NA,NA,NA,NA,NA,NA,NA,NA,NA,NA
NA,NA,NA,NA,NA,NA,NA,NA,NA,NA,NA,NA,NA,NA,NA,NA,NA,NA,NA,NA,NA
NA,NA,NA,NA,NA,NA,NA,NA,NA,NA,NA,NA,NA,NA,NA,NA,NA,NA,NA,NA,NA
NA,NA,NA,NA,NA,NA,NA,NA,NA,NA,NA,NA,NA,NA,NA,NA,NA,NA,NA,NA,NA
NA,NA,NA,NA,NA,NA,NA,NA,NA,NA,NA,NA,NA,NA,NA,NA,NA,NA,NA,NA,NA
NA,NA,NA,NA,NA,NA,NA,NA,NA,NA,NA,NA,NA,NA,NA,NA,NA,NA,NA,NA,NA
NA,NA,NA,NA,NA,NA,NA,NA,NA,NA,NA,NA,NA,NA,NA,NA,NA,NA,NA,NA,NA
NA,NA,NA,NA,NA,NA,NA,NA,NA,NA,NA,NA,NA,NA,NA,NA,NA,NA,NA,NA,NA
NA,NA,NA,NA,NA,NA,NA,NA,NA,NA,NA,NA,NA,NA,NA,NA,NA,NA,NA,NA,NA
NA,NA,NA,NA,NA,NA,NA,NA,NA,NA,NA,NA,NA,NA,NA,NA,NA,NA,NA,NA,NA
NA,NA,NA,NA,NA,NA,NA,NA,NA,NA,NA,NA,NA,NA,NA,NA,NA,NA,NA,NA,NA
NA,NA,NA,NA,NA,NA,NA,NA,NA,NA,NA,NA,NA,NA,NA,NA,NA,NA,NA,NA,NA
NA,NA,NA,NA,NA,NA,NA,NA,NA,NA,NA,NA,NA,NA,NA,NA,NA,NA,NA,NA,NA
NA,NA,NA,NA,NA,NA,NA,NA,NA,NA,NA,NA,NA,NA,NA,NA,NA,NA,NA,NA,NA
NA,NA,NA,NA,NA,NA,NA,NA,NA,NA,NA,NA,NA,NA,NA,NA,NA,NA,NA,NA,NA
NA,NA,NA,NA,NA,NA,NA,NA,NA,NA,NA,NA,NA,NA,NA,NA,NA,NA,NA,NA,NA
NA,NA,NA,NA,NA,NA,NA,NA,NA,NA,NA,NA,NA,NA,NA,NA,NA,NA,NA,NA,NA
NA,NA,NA,NA,NA,NA,NA,NA,NA,NA,NA,NA,NA,NA,NA,NA,NA,NA,NA,NA,NA
NA,NA,NA,NA,NA,NA,NA,NA,NA,NA,NA,NA,NA,NA,NA,NA,NA,NA,NA,NA,NA
NA,NA,NA,NA,NA,NA,NA,NA,NA,NA,NA,NA,NA,NA,NA,NA,NA,NA,NA,NA,NA
NA,NA,NA,NA,NA,NA,NA,NA,NA,NA,NA,NA,NA,NA,NA,NA,NA,NA,NA,NA,NA
NA,NA,NA,NA,NA,NA,NA,NA,NA,NA,NA,NA,NA,NA,NA,NA,NA,NA,NA,NA,NA
NA,NA,NA,NA,NA,NA,NA,NA,NA,NA,NA,NA,NA,NA,NA,NA,NA,NA,NA,NA,NA
NA,NA,NA,NA,NA,NA,NA,NA,NA,NA,NA,NA,NA,NA,NA,NA,NA,NA,NA,NA,NA
NA,NA,NA,NA,NA,NA,NA,NA,NA,NA,NA,NA,NA,NA,NA,NA,NA,NA,NA,NA,NA
NA,NA,NA,NA,NA,NA,NA,NA,NA,NA,NA,NA,NA,NA,NA,NA,NA,NA,NA,NA,NA
NA,NA,NA,NA,NA,NA,NA,NA,NA,NA,NA,NA,NA,NA,NA,NA,NA,NA,NA,NA,NA
NA,NA,NA,NA,NA,NA,NA,NA,NA,NA,NA,NA,NA,NA,NA,NA,NA,NA,NA,NA,NA
NA,NA,NA,NA,NA,NA,NA,NA,NA,NA,NA,NA,NA,NA,NA,NA,NA,NA,NA,NA,NA
NA,NA,NA,NA,NA,NA,NA,NA,NA,NA,NA,NA,NA,NA,NA,NA,NA,NA,NA,NA,NA
NA,NA,NA,NA,NA,NA,NA,NA,NA,NA,NA,NA,NA,NA,NA,NA,NA,NA,NA,NA,NA
NA,NA,NA,NA,NA,NA,NA,NA,NA,NA,NA,NA,NA,NA,NA,NA,NA,NA,NA,NA,NA
NA,NA,NA,NA,NA,NA,NA,NA,NA,NA,NA,NA,NA,NA,NA,NA,NA,NA,NA,NA,NA
NA,NA,NA,NA,NA,NA,NA,NA,NA,NA,NA,NA,NA,NA,NA,NA,NA,NA,NA,NA,NA
NA,NA,NA,NA,NA,NA,NA,NA,NA,NA,NA,NA,NA,NA,NA,NA,NA,NA,NA,NA,NA
NA,NA,NA,NA,NA,NA,NA,NA,NA,NA,NA,NA,NA,NA,NA,NA,NA,NA,NA,NA,NA
NA,NA,NA,NA,NA,NA,NA,NA,NA,NA,NA,NA,NA,NA,NA,NA,NA,NA,NA,NA,NA
NA,NA,NA,NA,NA,NA,NA,NA,NA,NA,NA,NA,NA,NA,NA,NA,NA,NA,NA,NA,NA
NA,NA,NA,NA,NA,NA,NA,NA,NA,NA,NA,NA,NA,NA,NA,NA,NA,NA,NA,NA,NA
NA,NA,NA,NA,NA,NA,NA,NA,NA,NA,NA,NA,NA,NA,NA,NA,NA,NA,NA,NA,NA
NA,NA,NA,NA,NA,NA,NA,NA,NA,NA,NA,NA,NA,NA,NA,NA,NA,NA,NA,NA,NA
NA,NA,NA,NA,NA,NA,NA,NA,NA,NA,NA,NA,NA,NA,NA,NA,NA,NA,NA,NA,NA
NA,NA,NA,NA,NA,NA,NA,NA,NA,NA,NA,NA,NA,NA,NA,NA,NA,NA,NA,NA,NA
NA,NA,NA,NA,NA,NA,NA,NA,NA,NA,NA,NA,NA,NA,NA,NA,NA,NA,NA,NA,NA
NA,NA,NA,NA,NA,NA,NA,NA,NA,NA,NA,NA,NA,NA,NA,NA,NA,NA,NA,NA,NA
NA,NA,NA,NA,NA,NA,NA,NA,NA,NA,NA,NA,NA,NA,NA,NA,NA,NA,NA,NA,NA
NA,NA,NA,NA,NA,NA,NA,NA,NA,NA,NA,NA,NA,NA,NA,NA,NA,NA,NA,NA,NA
NA,NA,NA,NA,NA,NA,NA,NA,NA,NA,NA,NA,NA,NA,NA,NA,NA,NA,NA,NA,NA
NA,NA,NA,NA,NA,NA,NA,NA,NA,NA,NA,NA,NA,NA,NA,NA,NA,NA,NA,NA,NA
NA,NA,NA,NA,NA,NA,NA,NA,NA,NA,NA,NA,NA,NA,NA,NA,NA,NA,NA,NA,NA
NA,NA,NA,NA,NA,NA,NA,NA,NA,NA,NA,NA,NA,NA,NA,NA,NA,NA,NA,NA,NA
NA,NA,NA,NA,NA,NA,NA,NA,NA,NA,NA,NA,NA,NA,NA,NA,NA,NA,NA,NA,NA
NA,NA,NA,NA,NA,NA,NA,NA,NA,NA,NA,NA,NA,NA,NA,NA,NA,NA,NA,NA,NA
NA,NA,NA,NA,NA,NA,NA,NA,NA,NA,NA,NA,NA,NA,NA,NA,NA,NA,NA,NA,NA
NA,NA,NA,NA,NA,NA,NA,NA,NA,NA,NA,NA,NA,NA,NA,NA,NA,NA,NA,NA,NA
NA,NA,NA,NA,NA,NA,NA,NA,NA,NA,NA,NA,NA,NA,NA,NA,NA,NA,NA,NA,NA
NA,NA,NA,NA,NA,NA,NA,NA,NA,NA,NA,NA,NA,NA,NA,NA,NA,NA,NA,NA,NA
NA,NA,NA,NA,NA,NA,NA,NA,NA,NA,NA,NA,NA,NA,NA,NA,NA,NA,NA,NA,NA
NA,NA,NA,NA,NA,NA,NA,NA,NA,NA,NA,NA,NA,NA,NA,NA,NA,NA,NA,NA,NA
NA,NA,NA,NA,NA,NA,NA,NA,NA,NA,NA,NA,NA,NA,NA,NA,NA,NA,NA,NA,NA
NA,NA,NA,NA,NA,NA,NA,NA,NA,NA,NA,NA,NA,NA,NA,NA,NA,NA,NA,NA,NA
NA,NA,NA,NA,NA,NA,NA,NA,NA,NA,NA,NA,NA,NA,NA,NA,NA,NA,NA,NA,NA
NA,NA,NA,NA,NA,NA,NA,NA,NA,NA,NA,NA,NA,NA,NA,NA,NA,NA,NA,NA,NA
NA,NA,NA,NA,NA,NA,NA,NA,NA,NA,NA,NA,NA,NA,NA,NA,NA,NA,NA,NA,NA
NA,NA,NA,NA,NA,NA,NA,NA,NA,NA,NA,NA,NA,NA,NA,NA,NA,NA,NA,NA,NA
NA,NA,NA,NA,NA,NA,NA,NA,NA,NA,NA,NA,NA,NA,NA,NA,NA,NA,NA,NA,NA
NA,NA,NA,NA,NA,NA,NA,NA,NA,NA,NA,NA,NA,NA,NA,NA,NA,NA,NA,NA,NA
NA,NA,NA,NA,NA,NA,NA,NA,NA,NA,NA,NA,NA,NA,NA,NA,NA,NA,NA,NA,NA
NA,NA,NA,NA,NA,NA,NA,NA,NA,NA,NA,NA,NA,NA,NA,NA,NA,NA,NA,NA,NA
NA,NA,NA,NA,NA,NA,NA,NA,NA,NA,NA,NA,NA,NA,NA,NA,NA,NA,NA,NA,NA
NA,NA,NA,NA,NA,NA,NA,NA,NA,NA,NA,NA,NA,NA,NA,NA,NA,NA,NA,NA,NA
NA,NA,NA,NA,NA,NA,NA,NA,NA,NA,NA,NA,NA,NA,NA,NA,NA,NA,NA,NA,NA
NA,NA,NA,NA,NA,NA,NA,NA,NA,NA,NA,NA,NA,NA,NA,NA,NA,NA,NA,NA,NA
NA,NA,NA,NA,NA,NA,NA,NA,NA,NA,NA,NA,NA,NA,NA,NA,NA,NA,NA,NA,NA
NA,NA,NA,NA,NA,NA,NA,NA,NA,NA,NA,NA,NA,NA,NA,NA,NA,NA,NA,NA,NA
NA,NA,NA,NA,NA,NA,NA,NA,NA,NA,NA,NA,NA,NA,NA,NA,NA,NA,NA,NA,NA
NA,NA,NA,NA,NA,NA,NA,NA,NA,NA,NA,NA,NA,NA,NA,NA,NA,NA,NA,NA,NA
NA,NA,NA,NA,NA,NA,NA,NA,NA,NA,NA,NA,NA,NA,NA,NA,NA,NA,NA,NA,NA
NA,NA,NA,NA,NA,NA,NA,NA,NA,NA,NA,NA,NA,NA,NA,NA,NA,NA,NA,NA,NA
NA,NA,NA,NA,NA,NA,NA,NA,NA,NA,NA,NA,NA,NA,NA,NA,NA,NA,NA,NA,NA
NA,NA,NA,NA,NA,NA,NA,NA,NA,NA,NA,NA,NA,NA,NA,NA,NA,NA,NA,NA,NA
NA,NA,NA,NA,NA,NA,NA,NA,NA,NA,NA,NA,NA,NA,NA,NA,NA,NA,NA,NA,NA
NA,NA,NA,NA,NA,NA,NA,NA,NA,NA,NA,NA,NA,NA,NA,NA,NA,NA,NA,NA,NA
NA,NA,NA,NA,NA,NA,NA,NA,NA,NA,NA,NA,NA,NA,NA,NA,NA,NA,NA,NA,NA
NA,NA,NA,NA,NA,NA,NA,NA,NA,NA,NA,NA,NA,NA,NA,NA,NA,NA,NA,NA,NA
NA,NA,NA,NA,NA,NA,NA,NA,NA,NA,NA,NA,NA,NA,NA,NA,NA,NA,NA,NA,NA
NA,NA,NA,NA,NA,NA,NA,NA,NA,NA,NA,NA,NA,NA,NA,NA,NA,NA,NA,NA,NA
NA,NA,NA,NA,NA,NA,NA,NA,NA,NA,NA,NA,NA,NA,NA,NA,NA,NA,NA,NA,NA
NA,NA,NA,NA,NA,NA,NA,NA,NA,NA,NA,NA,NA,NA,NA,NA,NA,NA,NA,NA,NA
NA,NA,NA,NA,NA,NA,NA,NA,NA,NA,NA,NA,NA,NA,NA,NA,NA,NA,NA,NA,NA
NA,NA,NA,NA,NA,NA,NA,NA,NA,NA,NA,NA,NA,NA,NA,NA,NA,NA,NA,NA,NA
NA,NA,NA,NA,NA,NA,NA,NA,NA,NA,NA,NA,NA,NA,NA,NA,NA,NA,NA,NA,NA
NA,NA,NA,NA,NA,NA,NA,NA,NA,NA,NA,NA,NA,NA,NA,NA,NA,NA,NA,NA,NA
NA,NA,NA,NA,NA,NA,NA,NA,NA,NA,NA,NA,NA,NA,NA,NA,NA,NA,NA,NA,NA
NA,NA,NA,NA,NA,NA,NA,NA,NA,NA,NA,NA,NA,NA,NA,NA,NA,NA,NA,NA,NA
NA,NA,NA,NA,NA,NA,NA,NA,NA,NA,NA,NA,NA,NA,NA,NA,NA,NA,NA,NA,NA
NA,NA,NA,NA,NA,NA,NA,NA,NA,NA,NA,NA,NA,NA,NA,NA,NA,NA,NA,NA,NA
NA,NA,NA,NA,NA,NA,NA,NA,NA,NA,NA,NA,NA,NA,NA,NA,NA,NA,NA,NA,NA
NA,NA,NA,NA,NA,NA,NA,NA,NA,NA,NA,NA,NA,NA,NA,NA,NA,NA,NA,NA,NA
NA,NA,NA,NA,NA,NA,NA,NA,NA,NA,NA,NA,NA,NA,NA,NA,NA,NA,NA,NA,NA
NA,NA,NA,NA,NA,NA,NA,NA,NA,NA,NA,NA,NA,NA,NA,NA,NA,NA,NA,NA,NA
NA,NA,NA,NA,NA,NA,NA,NA,NA,NA,NA,NA,NA,NA,NA,NA,NA,NA,NA,NA,NA
NA,NA,NA,NA,NA,NA,NA,NA,NA,NA,NA,NA,NA,NA,NA,NA,NA,NA,NA,NA,NA
NA,NA,NA,NA,NA,NA,NA,NA,NA,NA,NA,NA,NA,NA,NA,NA,NA,NA,NA,NA,NA
NA,NA,NA,NA,NA,NA,NA,NA,NA,NA,NA,NA,NA,NA,NA,NA,NA,NA,NA,NA,NA
NA,NA,NA,NA,NA,NA,NA,NA,NA,NA,NA,NA,NA,NA,NA,NA,NA,NA,NA,NA,NA
NA,NA,NA,NA,NA,NA,NA,NA,NA,NA,NA,NA,NA,NA,NA,NA,NA,NA,NA,NA,NA
NA,NA,NA,NA,NA,NA,NA,NA,NA,NA,NA,NA,NA,NA,NA,NA,NA,NA,NA,NA,NA
NA,NA,NA,NA,NA,NA,NA,NA,NA,NA,NA,NA,NA,NA,NA,NA,NA,NA,NA,NA,NA
NA,NA,NA,NA,NA,NA,NA,NA,NA,NA,NA,NA,NA,NA,NA,NA,NA,NA,NA,NA,NA
NA,NA,NA,NA,NA,NA,NA,NA,NA,NA,NA,NA,NA,NA,NA,NA,NA,NA,NA,NA,NA
NA,NA,NA,NA,NA,NA,NA,NA,NA,NA,NA,NA,NA,NA,NA,NA,NA,NA,NA,NA,NA
NA,NA,NA,NA,NA,NA,NA,NA,NA,NA,NA,NA,NA,NA,NA,NA,NA,NA,NA,NA,NA
NA,NA,NA,NA,NA,NA,NA,NA,NA,NA,NA,NA,NA,NA,NA,NA,NA,NA,NA,NA,NA
NA,NA,NA,NA,NA,NA,NA,NA,NA,NA,NA,NA,NA,NA,NA,NA,NA,NA,NA,NA,NA
NA,NA,NA,NA,NA,NA,NA,NA,NA,NA,NA,NA,NA,NA,NA,NA,NA,NA,NA,NA,NA
NA,NA,NA,NA,NA,NA,NA,NA,NA,NA,NA,NA,NA,NA,NA,NA,NA,NA,NA,NA,NA
NA,NA,NA,NA,NA,NA,NA,NA,NA,NA,NA,NA,NA,NA,NA,NA,NA,NA,NA,NA,NA
NA,NA,NA,NA,NA,NA,NA,NA,NA,NA,NA,NA,NA,NA,NA,NA,NA,NA,NA,NA,NA
NA,NA,NA,NA,NA,NA,NA,NA,NA,NA,NA,NA,NA,NA,NA,NA,NA,NA,NA,NA,NA
NA,NA,NA,NA,NA,NA,NA,NA,NA,NA,NA,NA,NA,NA,NA,NA,NA,NA,NA,NA,NA
NA,NA,NA,NA,NA,NA,NA,NA,NA,NA,NA,NA,NA,NA,NA,NA,NA,NA,NA,NA,NA
NA,NA,NA,NA,NA,NA,NA,NA,NA,NA,NA,NA,NA,NA,NA,NA,NA,NA,NA,NA,NA
NA,NA,NA,NA,NA,NA,NA,NA,NA,NA,NA,NA,NA,NA,NA,NA,NA,NA,NA,NA,NA
NA,NA,NA,NA,NA,NA,NA,NA,NA,NA,NA,NA,NA,NA,NA,NA,NA,NA,NA,NA,NA
NA,NA,NA,NA,NA,NA,NA,NA,NA,NA,NA,NA,NA,NA,NA,NA,NA,NA,NA,NA,NA
NA,NA,NA,NA,NA,NA,NA,NA,NA,NA,NA,NA,NA,NA,NA,NA,NA,NA,NA,NA,NA
NA,NA,NA,NA,NA,NA,NA,NA,NA,NA,NA,NA,NA,NA,NA,NA,NA,NA,NA,NA,NA
NA,NA,NA,NA,NA,NA,NA,NA,NA,NA,NA,NA,NA,NA,NA,NA,NA,NA,NA,NA,NA
NA,NA,NA,NA,NA,NA,NA,NA,NA,NA,NA,NA,NA,NA,NA,NA,NA,NA,NA,NA,NA
NA,NA,NA,NA,NA,NA,NA,NA,NA,NA,NA,NA,NA,NA,NA,NA,NA,NA,NA,NA,NA
NA,NA,NA,NA,NA,NA,NA,NA,NA,NA,NA,NA,NA,NA,NA,NA,NA,NA,NA,NA,NA
NA,NA,NA,NA,NA,NA,NA,NA,NA,NA,NA,NA,NA,NA,NA,NA,NA,NA,NA,NA,NA
NA,NA,NA,NA,NA,NA,NA,NA,NA,NA,NA,NA,NA,NA,NA,NA,NA,NA,NA,NA,NA
NA,NA,NA,NA,NA,NA,NA,NA,NA,NA,NA,NA,NA,NA,NA,NA,NA,NA,NA,NA,NA
NA,NA,NA,NA,NA,NA,NA,NA,NA,NA,NA,NA,NA,NA,NA,NA,NA,NA,NA,NA,NA
NA,NA,NA,NA,NA,NA,NA,NA,NA,NA,NA,NA,NA,NA,NA,NA,NA,NA,NA,NA,NA
NA,NA,NA,NA,NA,NA,NA,NA,NA,NA,NA,NA,NA,NA,NA,NA,NA,NA,NA,NA,NA
NA,NA,NA,NA,NA,NA,NA,NA,NA,NA,NA,NA,NA,NA,NA,NA,NA,NA,NA,NA,NA
NA,NA,NA,NA,NA,NA,NA,NA,NA,NA,NA,NA,NA,NA,NA,NA,NA,NA,NA,NA,NA
NA,NA,NA,NA,NA,NA,NA,NA,NA,NA,NA,NA,NA,NA,NA,NA,NA,NA,NA,NA,NA
NA,NA,NA,NA,NA,NA,NA,NA,NA,NA,NA,NA,NA,NA,NA,NA,NA,NA,NA,NA,NA
NA,NA,NA,NA,NA,NA,NA,NA,NA,NA,NA,NA,NA,NA,NA,NA,NA,NA,NA,NA,NA
NA,NA,NA,NA,NA,NA,NA,NA,NA,NA,NA,NA,NA,NA,NA,NA,NA,NA,NA,NA,NA
NA,NA,NA,NA,NA,NA,NA,NA,NA,NA,NA,NA,NA,NA,NA,NA,NA,NA,NA,NA,NA
NA,NA,NA,NA,NA,NA,NA,NA,NA,NA,NA,NA,NA,NA,NA,NA,NA,NA,NA,NA,NA
NA,NA,NA,NA,NA,NA,NA,NA,NA,NA,NA,NA,NA,NA,NA,NA,NA,NA,NA,NA,NA
NA,NA,NA,NA,NA,NA,NA,NA,NA,NA,NA,NA,NA,NA,NA,NA,NA,NA,NA,NA,NA
NA,NA,NA,NA,NA,NA,NA,NA,NA,NA,NA,NA,NA,NA,NA,NA,NA,NA,NA,NA,NA
NA,NA,NA,NA,NA,NA,NA,NA,NA,NA,NA,NA,NA,NA,NA,NA,NA,NA,NA,NA,NA
NA,NA,NA,NA,NA,NA,NA,NA,NA,NA,NA,NA,NA,NA,NA,NA,NA,NA,NA,NA,NA
NA,NA,NA,NA,NA,NA,NA,NA,NA,NA,NA,NA,NA,NA,NA,NA,NA,NA,NA,NA,NA
NA,NA,NA,NA,NA,NA,NA,NA,NA,NA,NA,NA,NA,NA,NA,NA,NA,NA,NA,NA,NA
NA,NA,NA,NA,NA,NA,NA,NA,NA,NA,NA,NA,NA,NA,NA,NA,NA,NA,NA,NA,NA
NA,NA,NA,NA,NA,NA,NA,NA,NA,NA,NA,NA,NA,NA,NA,NA,NA,NA,NA,NA,NA
NA,NA,NA,NA,NA,NA,NA,NA,NA,NA,NA,NA,NA,NA,NA,NA,NA,NA,NA,NA,NA
NA,NA,NA,NA,NA,NA,NA,NA,NA,NA,NA,NA,NA,NA,NA,NA,NA,NA,NA,NA,NA
NA,NA,NA,NA,NA,NA,NA,NA,NA,NA,NA,NA,NA,NA,NA,NA,NA,NA,NA,NA,NA
NA,NA,NA,NA,NA,NA,NA,NA,NA,NA,NA,NA,NA,NA,NA,NA,NA,NA,NA,NA,NA
NA,NA,NA,NA,NA,NA,NA,NA,NA,NA,NA,NA,NA,NA,NA,NA,NA,NA,NA,NA,NA
NA,NA,NA,NA,NA,NA,NA,NA,NA,NA,NA,NA,NA,NA,NA,NA,NA,NA,NA,NA,NA
NA,NA,NA,NA,NA,NA,NA,NA,NA,NA,NA,NA,NA,NA,NA,NA,NA,NA,NA,NA,NA
NA,NA,NA,NA,NA,NA,NA,NA,NA,NA,NA,NA,NA,NA,NA,NA,NA,NA,NA,NA,NA
NA,NA,NA,NA,NA,NA,NA,NA,NA,NA,NA,NA,NA,NA,NA,NA,NA,NA,NA,NA,NA
NA,NA,NA,NA,NA,NA,NA,NA,NA,NA,NA,NA,NA,NA,NA,NA,NA,NA,NA,NA,NA
NA,NA,NA,NA,NA,NA,NA,NA,NA,NA,NA,NA,NA,NA,NA,NA,NA,NA,NA,NA,NA
NA,NA,NA,NA,NA,NA,NA,NA,NA,NA,NA,NA,NA,NA,NA,NA,NA,NA,NA,NA,NA
NA,NA,NA,NA,NA,NA,NA,NA,NA,NA,NA,NA,NA,NA,NA,NA,NA,NA,NA,NA,NA
NA,NA,NA,NA,NA,NA,NA,NA,NA,NA,NA,NA,NA,NA,NA,NA,NA,NA,NA,NA,NA
NA,NA,NA,NA,NA,NA,NA,NA,NA,NA,NA,NA,NA,NA,NA,NA,NA,NA,NA,NA,NA
NA,NA,NA,NA,NA,NA,NA,NA,NA,NA,NA,NA,NA,NA,NA,NA,NA,NA,NA,NA,NA
NA,NA,NA,NA,NA,NA,NA,NA,NA,NA,NA,NA,NA,NA,NA,NA,NA,NA,NA,NA,NA
NA,NA,NA,NA,NA,NA,NA,NA,NA,NA,NA,NA,NA,NA,NA,NA,NA,NA,NA,NA,NA
NA,NA,NA,NA,NA,NA,NA,NA,NA,NA,NA,NA,NA,NA,NA,NA,NA,NA,NA,NA,NA
NA,NA,NA,NA,NA,NA,NA,NA,NA,NA,NA,NA,NA,NA,NA,NA,NA,NA,NA,NA,NA
NA,NA,NA,NA,NA,NA,NA,NA,NA,NA,NA,NA,NA,NA,NA,NA,NA,NA,NA,NA,NA
NA,NA,NA,NA,NA,NA,NA,NA,NA,NA,NA,NA,NA,NA,NA,NA,NA,NA,NA,NA,NA
NA,NA,NA,NA,NA,NA,NA,NA,NA,NA,NA,NA,NA,NA,NA,NA,NA,NA,NA,NA,NA
NA,NA,NA,NA,NA,NA,NA,NA,NA,NA,NA,NA,NA,NA,NA,NA,NA,NA,NA,NA,NA
NA,NA,NA,NA,NA,NA,NA,NA,NA,NA,NA,NA,NA,NA,NA,NA,NA,NA,NA,NA,NA
NA,NA,NA,NA,NA,NA,NA,NA,NA,NA,NA,NA,NA,NA,NA,NA,NA,NA,NA,NA,NA
NA,NA,NA,NA,NA,NA,NA,NA,NA,NA,NA,NA,NA,NA,NA,NA,NA,NA,NA,NA,NA
NA,NA,NA,NA,NA,NA,NA,NA,NA,NA,NA,NA,NA,NA,NA,NA,NA,NA,NA,NA,NA
NA,NA,NA,NA,NA,NA,NA,NA,NA,NA,NA,NA,NA,NA,NA,NA,NA,NA,NA,NA,NA
NA,NA,NA,NA,NA,NA,NA,NA,NA,NA,NA,NA,NA,NA,NA,NA,NA,NA,NA,NA,NA
NA,NA,NA,NA,NA,NA,NA,NA,NA,NA,NA,NA,NA,NA,NA,NA,NA,NA,NA,NA,NA
NA,NA,NA,NA,NA,NA,NA,NA,NA,NA,NA,NA,NA,NA,NA,NA,NA,NA,NA,NA,NA
NA,NA,NA,NA,NA,NA,NA,NA,NA,NA,NA,NA,NA,NA,NA,NA,NA,NA,NA,NA,NA
NA,NA,NA,NA,NA,NA,NA,NA,NA,NA,NA,NA,NA,NA,NA,NA,NA,NA,NA,NA,NA
NA,NA,NA,NA,NA,NA,NA,NA,NA,NA,NA,NA,NA,NA,NA,NA,NA,NA,NA,NA,NA
NA,NA,NA,NA,NA,NA,NA,NA,NA,NA,NA,NA,NA,NA,NA,NA,NA,NA,NA,NA,NA
NA,NA,NA,NA,NA,NA,NA,NA,NA,NA,NA,NA,NA,NA,NA,NA,NA,NA,NA,NA,NA
NA,NA,NA,NA,NA,NA,NA,NA,NA,NA,NA,NA,NA,NA,NA,NA,NA,NA,NA,NA,NA
NA,NA,NA,NA,NA,NA,NA,NA,NA,NA,NA,NA,NA,NA,NA,NA,NA,NA,NA,NA,NA
NA,NA,NA,NA,NA,NA,NA,NA,NA,NA,NA,NA,NA,NA,NA,NA,NA,NA,NA,NA,NA
NA,NA,NA,NA,NA,NA,NA,NA,NA,NA,NA,NA,NA,NA,NA,NA,NA,NA,NA,NA,NA
NA,NA,NA,NA,NA,NA,NA,NA,NA,NA,NA,NA,NA,NA,NA,NA,NA,NA,NA,NA,NA
NA,NA,NA,NA,NA,NA,NA,NA,NA,NA,NA,NA,NA,NA,NA,NA,NA,NA,NA,NA,NA
NA,NA,NA,NA,NA,NA,NA,NA,NA,NA,NA,NA,NA,NA,NA,NA,NA,NA,NA,NA,NA
NA,NA,NA,NA,NA,NA,NA,NA,NA,NA,NA,NA,NA,NA,NA,NA,NA,NA,NA,NA,NA
NA,NA,NA,NA,NA,NA,NA,NA,NA,NA,NA,NA,NA,NA,NA,NA,NA,NA,NA,NA,NA
NA,NA,NA,NA,NA,NA,NA,NA,NA,NA,NA,NA,NA,NA,NA,NA,NA,NA,NA,NA,NA
NA,NA,NA,NA,NA,NA,NA,NA,NA,NA,NA,NA,NA,NA,NA,NA,NA,NA,NA,NA,NA
NA,NA,NA,NA,NA,NA,NA,NA,NA,NA,NA,NA,NA,NA,NA,NA,NA,NA,NA,NA,NA
NA,NA,NA,NA,NA,NA,NA,NA,NA,NA,NA,NA,NA,NA,NA,NA,NA,NA,NA,NA,NA
NA,NA,NA,NA,NA,NA,NA,NA,NA,NA,NA,NA,NA,NA,NA,NA,NA,NA,NA,NA,NA
NA,NA,NA,NA,NA,NA,NA,NA,NA,NA,NA,NA,NA,NA,NA,NA,NA,NA,NA,NA,NA
NA,NA,NA,NA,NA,NA,NA,NA,NA,NA,NA,NA,NA,NA,NA,NA,NA,NA,NA,NA,NA
NA,NA,NA,NA,NA,NA,NA,NA,NA,NA,NA,NA,NA,NA,NA,NA,NA,NA,NA,NA,NA
NA,NA,NA,NA,NA,NA,NA,NA,NA,NA,NA,NA,NA,NA,NA,NA,NA,NA,NA,NA,NA
NA,NA,NA,NA,NA,NA,NA,NA,NA,NA,NA,NA,NA,NA,NA,NA,NA,NA,NA,NA,NA
NA,NA,NA,NA,NA,NA,NA,NA,NA,NA,NA,NA,NA,NA,NA,NA,NA,NA,NA,NA,NA
NA,NA,NA,NA,NA,NA,NA,NA,NA,NA,NA,NA,NA,NA,NA,NA,NA,NA,NA,NA,NA
NA,NA,NA,NA,NA,NA,NA,NA,NA,NA,NA,NA,NA,NA,NA,NA,NA,NA,NA,NA,NA
NA,NA,NA,NA,NA,NA,NA,NA,NA,NA,NA,NA,NA,NA,NA,NA,NA,NA,NA,NA,NA
NA,NA,NA,NA,NA,NA,NA,NA,NA,NA,NA,NA,NA,NA,NA,NA,NA,NA,NA,NA,NA
NA,NA,NA,NA,NA,NA,NA,NA,NA,NA,NA,NA,NA,NA,NA,NA,NA,NA,NA,NA,NA
NA,NA,NA,NA,NA,NA,NA,NA,NA,NA,NA,NA,NA,NA,NA,NA,NA,NA,NA,NA,NA
NA,NA,NA,NA,NA,NA,NA,NA,NA,NA,NA,NA,NA,NA,NA,NA,NA,NA,NA,NA,NA
NA,NA,NA,NA,NA,NA,NA,NA,NA,NA,NA,NA,NA,NA,NA,NA,NA,NA,NA,NA,NA
NA,NA,NA,NA,NA,NA,NA,NA,NA,NA,NA,NA,NA,NA,NA,NA,NA,NA,NA,NA,NA
NA,NA,NA,NA,NA,NA,NA,NA,NA,NA,NA,NA,NA,NA,NA,NA,NA,NA,NA,NA,NA
NA,NA,NA,NA,NA,NA,NA,NA,NA,NA,NA,NA,NA,NA,NA,NA,NA,NA,NA,NA,NA
NA,NA,NA,NA,NA,NA,NA,NA,NA,NA,NA,NA,NA,NA,NA,NA,NA,NA,NA,NA,NA
NA,NA,NA,NA,NA,NA,NA,NA,NA,NA,NA,NA,NA,NA,NA,NA,NA,NA,NA,NA,NA
NA,NA,NA,NA,NA,NA,NA,NA,NA,NA,NA,NA,NA,NA,NA,NA,NA,NA,NA,NA,NA
NA,NA,NA,NA,NA,NA,NA,NA,NA,NA,NA,NA,NA,NA,NA,NA,NA,NA,NA,NA,NA
NA,NA,NA,NA,NA,NA,NA,NA,NA,NA,NA,NA,NA,NA,NA,NA,NA,NA,NA,NA,NA
NA,NA,NA,NA,NA,NA,NA,NA,NA,NA,NA,NA,NA,NA,NA,NA,NA,NA,NA,NA,NA
NA,NA,NA,NA,NA,NA,NA,NA,NA,NA,NA,NA,NA,NA,NA,NA,NA,NA,NA,NA,NA
NA,NA,NA,NA,NA,NA,NA,NA,NA,NA,NA,NA,NA,NA,NA,NA,NA,NA,NA,NA,NA
NA,NA,NA,NA,NA,NA,NA,NA,NA,NA,NA,NA,NA,NA,NA,NA,NA,NA,NA,NA,NA
NA,NA,NA,NA,NA,NA,NA,NA,NA,NA,NA,NA,NA,NA,NA,NA,NA,NA,NA,NA,NA
NA,NA,NA,NA,NA,NA,NA,NA,NA,NA,NA,NA,NA,NA,NA,NA,NA,NA,NA,NA,NA
NA,NA,NA,NA,NA,NA,NA,NA,NA,NA,NA,NA,NA,NA,NA,NA,NA,NA,NA,NA,NA
NA,NA,NA,NA,NA,NA,NA,NA,NA,NA,NA,NA,NA,NA,NA,NA,NA,NA,NA,NA,NA
NA,NA,NA,NA,NA,NA,NA,NA,NA,NA,NA,NA,NA,NA,NA,NA,NA,NA,NA,NA,NA
NA,NA,NA,NA,NA,NA,NA,NA,NA,NA,NA,NA,NA,NA,NA,NA,NA,NA,NA,NA,NA
NA,NA,NA,NA,NA,NA,NA,NA,NA,NA,NA,NA,NA,NA,NA,NA,NA,NA,NA,NA,NA
NA,NA,NA,NA,NA,NA,NA,NA,NA,NA,NA,NA,NA,NA,NA,NA,NA,NA,NA,NA,NA
NA,NA,NA,NA,NA,NA,NA,NA,NA,NA,NA,NA,NA,NA,NA,NA,NA,NA,NA,NA,NA
NA,NA,NA,NA,NA,NA,NA,NA,NA,NA,NA,NA,NA,NA,NA,NA,NA,NA,NA,NA,NA
NA,NA,NA,NA,NA,NA,NA,NA,NA,NA,NA,NA,NA,NA,NA,NA,NA,NA,NA,NA,NA
NA,NA,NA,NA,NA,NA,NA,NA,NA,NA,NA,NA,NA,NA,NA,NA,NA,NA,NA,NA,NA
NA,NA,NA,NA,NA,NA,NA,NA,NA,NA,NA,NA,NA,NA,NA,NA,NA,NA,NA,NA,NA
NA,NA,NA,NA,NA,NA,NA,NA,NA,NA,NA,NA,NA,NA,NA,NA,NA,NA,NA,NA,NA
NA,NA,NA,NA,NA,NA,NA,NA,NA,NA,NA,NA,NA,NA,NA,NA,NA,NA,NA,NA,NA
NA,NA,NA,NA,NA,NA,NA,NA,NA,NA,NA,NA,NA,NA,NA,NA,NA,NA,NA,NA,NA
NA,NA,NA,NA,NA,NA,NA,NA,NA,NA,NA,NA,NA,NA,NA,NA,NA,NA,NA,NA,NA
NA,NA,NA,NA,NA,NA,NA,NA,NA,NA,NA,NA,NA,NA,NA,NA,NA,NA,NA,NA,NA
NA,NA,NA,NA,NA,NA,NA,NA,NA,NA,NA,NA,NA,NA,NA,NA,NA,NA,NA,NA,NA
NA,NA,NA,NA,NA,NA,NA,NA,NA,NA,NA,NA,NA,NA,NA,NA,NA,NA,NA,NA,NA
NA,NA,NA,NA,NA,NA,NA,NA,NA,NA,NA,NA,NA,NA,NA,NA,NA,NA,NA,NA,NA
NA,NA,NA,NA,NA,NA,NA,NA,NA,NA,NA,NA,NA,NA,NA,NA,NA,NA,NA,NA,NA
NA,NA,NA,NA,NA,NA,NA,NA,NA,NA,NA,NA,NA,NA,NA,NA,NA,NA,NA,NA,NA
NA,NA,NA,NA,NA,NA,NA,NA,NA,NA,NA,NA,NA,NA,NA,NA,NA,NA,NA,NA,NA
NA,NA,NA,NA,NA,NA,NA,NA,NA,NA,NA,NA,NA,NA,NA,NA,NA,NA,NA,NA,NA
NA,NA,NA,NA,NA,NA,NA,NA,NA,NA,NA,NA,NA,NA,NA,NA,NA,NA,NA,NA,NA
NA,NA,NA,NA,NA,NA,NA,NA,NA,NA,NA,NA,NA,NA,NA,NA,NA,NA,NA,NA,NA
NA,NA,NA,NA,NA,NA,NA,NA,NA,NA,NA,NA,NA,NA,NA,NA,NA,NA,NA,NA,NA
NA,NA,NA,NA,NA,NA,NA,NA,NA,NA,NA,NA,NA,NA,NA,NA,NA,NA,NA,NA,NA
NA,NA,NA,NA,NA,NA,NA,NA,NA,NA,NA,NA,NA,NA,NA,NA,NA,NA,NA,NA,NA
NA,NA,NA,NA,NA,NA,NA,NA,NA,NA,NA,NA,NA,NA,NA,NA,NA,NA,NA,NA,NA
NA,NA,NA,NA,NA,NA,NA,NA,NA,NA,NA,NA,NA,NA,NA,NA,NA,NA,NA,NA,NA
NA,NA,NA,NA,NA,NA,NA,NA,NA,NA,NA,NA,NA,NA,NA,NA,NA,NA,NA,NA,NA
NA,NA,NA,NA,NA,NA,NA,NA,NA,NA,NA,NA,NA,NA,NA,NA,NA,NA,NA,NA,NA
NA,NA,NA,NA,NA,NA,NA,NA,NA,NA,NA,NA,NA,NA,NA,NA,NA,NA,NA,NA,NA
NA,NA,NA,NA,NA,NA,NA,NA,NA,NA,NA,NA,NA,NA,NA,NA,NA,NA,NA,NA,NA
NA,NA,NA,NA,NA,NA,NA,NA,NA,NA,NA,NA,NA,NA,NA,NA,NA,NA,NA,NA,NA
NA,NA,NA,NA,NA,NA,NA,NA,NA,NA,NA,NA,NA,NA,NA,NA,NA,NA,NA,NA,NA
NA,NA,NA,NA,NA,NA,NA,NA,NA,NA,NA,NA,NA,NA,NA,NA,NA,NA,NA,NA,NA
NA,NA,NA,NA,NA,NA,NA,NA,NA,NA,NA,NA,NA,NA,NA,NA,NA,NA,NA,NA,NA
NA,NA,NA,NA,NA,NA,NA,NA,NA,NA,NA,NA,NA,NA,NA,NA,NA,NA,NA,NA,NA
NA,NA,NA,NA,NA,NA,NA,NA,NA,NA,NA,NA,NA,NA,NA,NA,NA,NA,NA,NA,NA
NA,NA,NA,NA,NA,NA,NA,NA,NA,NA,NA,NA,NA,NA,NA,NA,NA,NA,NA,NA,NA
NA,NA,NA,NA,NA,NA,NA,NA,NA,NA,NA,NA,NA,NA,NA,NA,NA,NA,NA,NA,NA
NA,NA,NA,NA,NA,NA,NA,NA,NA,NA,NA,NA,NA,NA,NA,NA,NA,NA,NA,NA,NA
NA,NA,NA,NA,NA,NA,NA,NA,NA,NA,NA,NA,NA,NA,NA,NA,NA,NA,NA,NA,NA
NA,NA,NA,NA,NA,NA,NA,NA,NA,NA,NA,NA,NA,NA,NA,NA,NA,NA,NA,NA,NA
NA,NA,NA,NA,NA,NA,NA,NA,NA,NA,NA,NA,NA,NA,NA,NA,NA,NA,NA,NA,NA
NA,NA,NA,NA,NA,NA,NA,NA,NA,NA,NA,NA,NA,NA,NA,NA,NA,NA,NA,NA,NA
NA,NA,NA,NA,NA,NA,NA,NA,NA,NA,NA,NA,NA,NA,NA,NA,NA,NA,NA,NA,NA
NA,NA,NA,NA,NA,NA,NA,NA,NA,NA,NA,NA,NA,NA,NA,NA,NA,NA,NA,NA,NA
NA,NA,NA,NA,NA,NA,NA,NA,NA,NA,NA,NA,NA,NA,NA,NA,NA,NA,NA,NA,NA
NA,NA,NA,NA,NA,NA,NA,NA,NA,NA,NA,NA,NA,NA,NA,NA,NA,NA,NA,NA,NA
NA,NA,NA,NA,NA,NA,NA,NA,NA,NA,NA,NA,NA,NA,NA,NA,NA,NA,NA,NA,NA
NA,NA,NA,NA,NA,NA,NA,NA,NA,NA,NA,NA,NA,NA,NA,NA,NA,NA,NA,NA,NA
NA,NA,NA,NA,NA,NA,NA,NA,NA,NA,NA,NA,NA,NA,NA,NA,NA,NA,NA,NA,NA
NA,NA,NA,NA,NA,NA,NA,NA,NA,NA,NA,NA,NA,NA,NA,NA,NA,NA,NA,NA,NA
NA,NA,NA,NA,NA,NA,NA,NA,NA,NA,NA,NA,NA,NA,NA,NA,NA,NA,NA,NA,NA
NA,NA,NA,NA,NA,NA,NA,NA,NA,NA,NA,NA,NA,NA,NA,NA,NA,NA,NA,NA,NA
NA,NA,NA,NA,NA,NA,NA,NA,NA,NA,NA,NA,NA,NA,NA,NA,NA,NA,NA,NA,NA
NA,NA,NA,NA,NA,NA,NA,NA,NA,NA,NA,NA,NA,NA,NA,NA,NA,NA,NA,NA,NA
NA,NA,NA,NA,NA,NA,NA,NA,NA,NA,NA,NA,NA,NA,NA,NA,NA,NA,NA,NA,NA
NA,NA,NA,NA,NA,NA,NA,NA,NA,NA,NA,NA,NA,NA,NA,NA,NA,NA,NA,NA,NA
NA,NA,NA,NA,NA,NA,NA,NA,NA,NA,NA,NA,NA,NA,NA,NA,NA,NA,NA,NA,NA
NA,NA,NA,NA,NA,NA,NA,NA,NA,NA,NA,NA,NA,NA,NA,NA,NA,NA,NA,NA,NA
NA,NA,NA,NA,NA,NA,NA,NA,NA,NA,NA,NA,NA,NA,NA,NA,NA,NA,NA,NA,NA
NA,NA,NA,NA,NA,NA,NA,NA,NA,NA,NA,NA,NA,NA,NA,NA,NA,NA,NA,NA,NA
NA,NA,NA,NA,NA,NA,NA,NA,NA,NA,NA,NA,NA,NA,NA,NA,NA,NA,NA,NA,NA
NA,NA,NA,NA,NA,NA,NA,NA,NA,NA,NA,NA,NA,NA,NA,NA,NA,NA,NA,NA,NA
NA,NA,NA,NA,NA,NA,NA,NA,NA,NA,NA,NA,NA,NA,NA,NA,NA,NA,NA,NA,NA
NA,NA,NA,NA,NA,NA,NA,NA,NA,NA,NA,NA,NA,NA,NA,NA,NA,NA,NA,NA,NA
NA,NA,NA,NA,NA,NA,NA,NA,NA,NA,NA,NA,NA,NA,NA,NA,NA,NA,NA,NA,NA
NA,NA,NA,NA,NA,NA,NA,NA,NA,NA,NA,NA,NA,NA,NA,NA,NA,NA,NA,NA,NA
NA,NA,NA,NA,NA,NA,NA,NA,NA,NA,NA,NA,NA,NA,NA,NA,NA,NA,NA,NA,NA
NA,NA,NA,NA,NA,NA,NA,NA,NA,NA,NA,NA,NA,NA,NA,NA,NA,NA,NA,NA,NA
NA,NA,NA,NA,NA,NA,NA,NA,NA,NA,NA,NA,NA,NA,NA,NA,NA,NA,NA,NA,NA
NA,NA,NA,NA,NA,NA,NA,NA,NA,NA,NA,NA,NA,NA,NA,NA,NA,NA,NA,NA,NA
NA,NA,NA,NA,NA,NA,NA,NA,NA,NA,NA,NA,NA,NA,NA,NA,NA,NA,NA,NA,NA
NA,NA,NA,NA,NA,NA,NA,NA,NA,NA,NA,NA,NA,NA,NA,NA,NA,NA,NA,NA,NA
NA,NA,NA,NA,NA,NA,NA,NA,NA,NA,NA,NA,NA,NA,NA,NA,NA,NA,NA,NA,NA
NA,NA,NA,NA,NA,NA,NA,NA,NA,NA,NA,NA,NA,NA,NA,NA,NA,NA,NA,NA,NA
NA,NA,NA,NA,NA,NA,NA,NA,NA,NA,NA,NA,NA,NA,NA,NA,NA,NA,NA,NA,NA
NA,NA,NA,NA,NA,NA,NA,NA,NA,NA,NA,NA,NA,NA,NA,NA,NA,NA,NA,NA,NA
NA,NA,NA,NA,NA,NA,NA,NA,NA,NA,NA,NA,NA,NA,NA,NA,NA,NA,NA,NA,NA
NA,NA,NA,NA,NA,NA,NA,NA,NA,NA,NA,NA,NA,NA,NA,NA,NA,NA,NA,NA,NA
NA,NA,NA,NA,NA,NA,NA,NA,NA,NA,NA,NA,NA,NA,NA,NA,NA,NA,NA,NA,NA
NA,NA,NA,NA,NA,NA,NA,NA,NA,NA,NA,NA,NA,NA,NA,NA,NA,NA,NA,NA,NA
NA,NA,NA,NA,NA,NA,NA,NA,NA,NA,NA,NA,NA,NA,NA,NA,NA,NA,NA,NA,NA
NA,NA,NA,NA,NA,NA,NA,NA,NA,NA,NA,NA,NA,NA,NA,NA,NA,NA,NA,NA,NA
NA,NA,NA,NA,NA,NA,NA,NA,NA,NA,NA,NA,NA,NA,NA,NA,NA,NA,NA,NA,NA
NA,NA,NA,NA,NA,NA,NA,NA,NA,NA,NA,NA,NA,NA,NA,NA,NA,NA,NA,NA,NA
NA,NA,NA,NA,NA,NA,NA,NA,NA,NA,NA,NA,NA,NA,NA,NA,NA,NA,NA,NA,NA
NA,NA,NA,NA,NA,NA,NA,NA,NA,NA,NA,NA,NA,NA,NA,NA,NA,NA,NA,NA,NA
NA,NA,NA,NA,NA,NA,NA,NA,NA,NA,NA,NA,NA,NA,NA,NA,NA,NA,NA,NA,NA
NA,NA,NA,NA,NA,NA,NA,NA,NA,NA,NA,NA,NA,NA,NA,NA,NA,NA,NA,NA,NA
NA,NA,NA,NA,NA,NA,NA,NA,NA,NA,NA,NA,NA,NA,NA,NA,NA,NA,NA,NA,NA
NA,NA,NA,NA,NA,NA,NA,NA,NA,NA,NA,NA,NA,NA,NA,NA,NA,NA,NA,NA,NA
NA,NA,NA,NA,NA,NA,NA,NA,NA,NA,NA,NA,NA,NA,NA,NA,NA,NA,NA,NA,NA
NA,NA,NA,NA,NA,NA,NA,NA,NA,NA,NA,NA,NA,NA,NA,NA,NA,NA,NA,NA,NA
NA,NA,NA,NA,NA,NA,NA,NA,NA,NA,NA,NA,NA,NA,NA,NA,NA,NA,NA,NA,NA
NA,NA,NA,NA,NA,NA,NA,NA,NA,NA,NA,NA,NA,NA,NA,NA,NA,NA,NA,NA,NA
NA,NA,NA,NA,NA,NA,NA,NA,NA,NA,NA,NA,NA,NA,NA,NA,NA,NA,NA,NA,NA
NA,NA,NA,NA,NA,NA,NA,NA,NA,NA,NA,NA,NA,NA,NA,NA,NA,NA,NA,NA,NA
NA,NA,NA,NA,NA,NA,NA,NA,NA,NA,NA,NA,NA,NA,NA,NA,NA,NA,NA,NA,NA
NA,NA,NA,NA,NA,NA,NA,NA,NA,NA,NA,NA,NA,NA,NA,NA,NA,NA,NA,NA,NA
NA,NA,NA,NA,NA,NA,NA,NA,NA,NA,NA,NA,NA,NA,NA,NA,NA,NA,NA,NA,NA
NA,NA,NA,NA,NA,NA,NA,NA,NA,NA,NA,NA,NA,NA,NA,NA,NA,NA,NA,NA,NA
NA,NA,NA,NA,NA,NA,NA,NA,NA,NA,NA,NA,NA,NA,NA,NA,NA,NA,NA,NA,NA
NA,NA,NA,NA,NA,NA,NA,NA,NA,NA,NA,NA,NA,NA,NA,NA,NA,NA,NA,NA,NA
NA,NA,NA,NA,NA,NA,NA,NA,NA,NA,NA,NA,NA,NA,NA,NA,NA,NA,NA,NA,NA
NA,NA,NA,NA,NA,NA,NA,NA,NA,NA,NA,NA,NA,NA,NA,NA,NA,NA,NA,NA,NA
NA,NA,NA,NA,NA,NA,NA,NA,NA,NA,NA,NA,NA,NA,NA,NA,NA,NA,NA,NA,NA
NA,NA,NA,NA,NA,NA,NA,NA,NA,NA,NA,NA,NA,NA,NA,NA,NA,NA,NA,NA,NA
NA,NA,NA,NA,NA,NA,NA,NA,NA,NA,NA,NA,NA,NA,NA,NA,NA,NA,NA,NA,NA
NA,NA,NA,NA,NA,NA,NA,NA,NA,NA,NA,NA,NA,NA,NA,NA,NA,NA,NA,NA,NA
NA,NA,NA,NA,NA,NA,NA,NA,NA,NA,NA,NA,NA,NA,NA,NA,NA,NA,NA,NA,NA
NA,NA,NA,NA,NA,NA,NA,NA,NA,NA,NA,NA,NA,NA,NA,NA,NA,NA,NA,NA,NA
NA,NA,NA,NA,NA,NA,NA,NA,NA,NA,NA,NA,NA,NA,NA,NA,NA,NA,NA,NA,NA
NA,NA,NA,NA,NA,NA,NA,NA,NA,NA,NA,NA,NA,NA,NA,NA,NA,NA,NA,NA,NA
NA,NA,NA,NA,NA,NA,NA,NA,NA,NA,NA,NA,NA,NA,NA,NA,NA,NA,NA,NA,NA
NA,NA,NA,NA,NA,NA,NA,NA,NA,NA,NA,NA,NA,NA,NA,NA,NA,NA,NA,NA,NA
NA,NA,NA,NA,NA,NA,NA,NA,NA,NA,NA,NA,NA,NA,NA,NA,NA,NA,NA,NA,NA
NA,NA,NA,NA,NA,NA,NA,NA,NA,NA,NA,NA,NA,NA,NA,NA,NA,NA,NA,NA,NA
NA,NA,NA,NA,NA,NA,NA,NA,NA,NA,NA,NA,NA,NA,NA,NA,NA,NA,NA,NA,NA
NA,NA,NA,NA,NA,NA,NA,NA,NA,NA,NA,NA,NA,NA,NA,NA,NA,NA,NA,NA,NA
NA,NA,NA,NA,NA,NA,NA,NA,NA,NA,NA,NA,NA,NA,NA,NA,NA,NA,NA,NA,NA
NA,NA,NA,NA,NA,NA,NA,NA,NA,NA,NA,NA,NA,NA,NA,NA,NA,NA,NA,NA,NA
NA,NA,NA,NA,NA,NA,NA,NA,NA,NA,NA,NA,NA,NA,NA,NA,NA,NA,NA,NA,NA
NA,NA,NA,NA,NA,NA,NA,NA,NA,NA,NA,NA,NA,NA,NA,NA,NA,NA,NA,NA,NA
NA,NA,NA,NA,NA,NA,NA,NA,NA,NA,NA,NA,NA,NA,NA,NA,NA,NA,NA,NA,NA
NA,NA,NA,NA,NA,NA,NA,NA,NA,NA,NA,NA,NA,NA,NA,NA,NA,NA,NA,NA,NA
NA,NA,NA,NA,NA,NA,NA,NA,NA,NA,NA,NA,NA,NA,NA,NA,NA,NA,NA,NA,NA
NA,NA,NA,NA,NA,NA,NA,NA,NA,NA,NA,NA,NA,NA,NA,NA,NA,NA,NA,NA,NA
NA,NA,NA,NA,NA,NA,NA,NA,NA,NA,NA,NA,NA,NA,NA,NA,NA,NA,NA,NA,NA
NA,NA,NA,NA,NA,NA,NA,NA,NA,NA,NA,NA,NA,NA,NA,NA,NA,NA,NA,NA,NA
NA,NA,NA,NA,NA,NA,NA,NA,NA,NA,NA,NA,NA,NA,NA,NA,NA,NA,NA,NA,NA
NA,NA,NA,NA,NA,NA,NA,NA,NA,NA,NA,NA,NA,NA,NA,NA,NA,NA,NA,NA,NA
NA,NA,NA,NA,NA,NA,NA,NA,NA,NA,NA,NA,NA,NA,NA,NA,NA,NA,NA,NA,NA
NA,NA,NA,NA,NA,NA,NA,NA,NA,NA,NA,NA,NA,NA,NA,NA,NA,NA,NA,NA,NA
NA,NA,NA,NA,NA,NA,NA,NA,NA,NA,NA,NA,NA,NA,NA,NA,NA,NA,NA,NA,NA
NA,NA,NA,NA,NA,NA,NA,NA,NA,NA,NA,NA,NA,NA,NA,NA,NA,NA,NA,NA,NA
NA,NA,NA,NA,NA,NA,NA,NA,NA,NA,NA,NA,NA,NA,NA,NA,NA,NA,NA,NA,NA
NA,NA,NA,NA,NA,NA,NA,NA,NA,NA,NA,NA,NA,NA,NA,NA,NA,NA,NA,NA,NA
NA,NA,NA,NA,NA,NA,NA,NA,NA,NA,NA,NA,NA,NA,NA,NA,NA,NA,NA,NA,NA
NA,NA,NA,NA,NA,NA,NA,NA,NA,NA,NA,NA,NA,NA,NA,NA,NA,NA,NA,NA,NA
NA,NA,NA,NA,NA,NA,NA,NA,NA,NA,NA,NA,NA,NA,NA,NA,NA,NA,NA,NA,NA
NA,NA,NA,NA,NA,NA,NA,NA,NA,NA,NA,NA,NA,NA,NA,NA,NA,NA,NA,NA,NA
NA,NA,NA,NA,NA,NA,NA,NA,NA,NA,NA,NA,NA,NA,NA,NA,NA,NA,NA,NA,NA
NA,NA,NA,NA,NA,NA,NA,NA,NA,NA,NA,NA,NA,NA,NA,NA,NA,NA,NA,NA,NA
NA,NA,NA,NA,NA,NA,NA,NA,NA,NA,NA,NA,NA,NA,NA,NA,NA,NA,NA,NA,NA
NA,NA,NA,NA,NA,NA,NA,NA,NA,NA,NA,NA,NA,NA,NA,NA,NA,NA,NA,NA,NA
NA,NA,NA,NA,NA,NA,NA,NA,NA,NA,NA,NA,NA,NA,NA,NA,NA,NA,NA,NA,NA
NA,NA,NA,NA,NA,NA,NA,NA,NA,NA,NA,NA,NA,NA,NA,NA,NA,NA,NA,NA,NA
NA,NA,NA,NA,NA,NA,NA,NA,NA,NA,NA,NA,NA,NA,NA,NA,NA,NA,NA,NA,NA
NA,NA,NA,NA,NA,NA,NA,NA,NA,NA,NA,NA,NA,NA,NA,NA,NA,NA,NA,NA,NA
NA,NA,NA,NA,NA,NA,NA,NA,NA,NA,NA,NA,NA,NA,NA,NA,NA,NA,NA,NA,NA
NA,NA,NA,NA,NA,NA,NA,NA,NA,NA,NA,NA,NA,NA,NA,NA,NA,NA,NA,NA,NA
NA,NA,NA,NA,NA,NA,NA,NA,NA,NA,NA,NA,NA,NA,NA,NA,NA,NA,NA,NA,NA
NA,NA,NA,NA,NA,NA,NA,NA,NA,NA,NA,NA,NA,NA,NA,NA,NA,NA,NA,NA,NA
NA,NA,NA,NA,NA,NA,NA,NA,NA,NA,NA,NA,NA,NA,NA,NA,NA,NA,NA,NA,NA
NA,NA,NA,NA,NA,NA,NA,NA,NA,NA,NA,NA,NA,NA,NA,NA,NA,NA,NA,NA,NA
NA,NA,NA,NA,NA,NA,NA,NA,NA,NA,NA,NA,NA,NA,NA,NA,NA,NA,NA,NA,NA
NA,NA,NA,NA,NA,NA,NA,NA,NA,NA,NA,NA,NA,NA,NA,NA,NA,NA,NA,NA,NA
NA,NA,NA,NA,NA,NA,NA,NA,NA,NA,NA,NA,NA,NA,NA,NA,NA,NA,NA,NA,NA
NA,NA,NA,NA,NA,NA,NA,NA,NA,NA,NA,NA,NA,NA,NA,NA,NA,NA,NA,NA,NA
NA,NA,NA,NA,NA,NA,NA,NA,NA,NA,NA,NA,NA,NA,NA,NA,NA,NA,NA,NA,NA
NA,NA,NA,NA,NA,NA,NA,NA,NA,NA,NA,NA,NA,NA,NA,NA,NA,NA,NA,NA,NA
NA,NA,NA,NA,NA,NA,NA,NA,NA,NA,NA,NA,NA,NA,NA,NA,NA,NA,NA,NA,NA
NA,NA,NA,NA,NA,NA,NA,NA,NA,NA,NA,NA,NA,NA,NA,NA,NA,NA,NA,NA,NA
NA,NA,NA,NA,NA,NA,NA,NA,NA,NA,NA,NA,NA,NA,NA,NA,NA,NA,NA,NA,NA
NA,NA,NA,NA,NA,NA,NA,NA,NA,NA,NA,NA,NA,NA,NA,NA,NA,NA,NA,NA,NA
NA,NA,NA,NA,NA,NA,NA,NA,NA,NA,NA,NA,NA,NA,NA,NA,NA,NA,NA,NA,NA
NA,NA,NA,NA,NA,NA,NA,NA,NA,NA,NA,NA,NA,NA,NA,NA,NA,NA,NA,NA,NA
NA,NA,NA,NA,NA,NA,NA,NA,NA,NA,NA,NA,NA,NA,NA,NA,NA,NA,NA,NA,NA
NA,NA,NA,NA,NA,NA,NA,NA,NA,NA,NA,NA,NA,NA,NA,NA,NA,NA,NA,NA,NA
NA,NA,NA,NA,NA,NA,NA,NA,NA,NA,NA,NA,NA,NA,NA,NA,NA,NA,NA,NA,NA
NA,NA,NA,NA,NA,NA,NA,NA,NA,NA,NA,NA,NA,NA,NA,NA,NA,NA,NA,NA,NA
NA,NA,NA,NA,NA,NA,NA,NA,NA,NA,NA,NA,NA,NA,NA,NA,NA,NA,NA,NA,NA
NA,NA,NA,NA,NA,NA,NA,NA,NA,NA,NA,NA,NA,NA,NA,NA,NA,NA,NA,NA,NA
NA,NA,NA,NA,NA,NA,NA,NA,NA,NA,NA,NA,NA,NA,NA,NA,NA,NA,NA,NA,NA
NA,NA,NA,NA,NA,NA,NA,NA,NA,NA,NA,NA,NA,NA,NA,NA,NA,NA,NA,NA,NA
NA,NA,NA,NA,NA,NA,NA,NA,NA,NA,NA,NA,NA,NA,NA,NA,NA,NA,NA,NA,NA
NA,NA,NA,NA,NA,NA,NA,NA,NA,NA,NA,NA,NA,NA,NA,NA,NA,NA,NA,NA,NA
NA,NA,NA,NA,NA,NA,NA,NA,NA,NA,NA,NA,NA,NA,NA,NA,NA,NA,NA,NA,NA
NA,NA,NA,NA,NA,NA,NA,NA,NA,NA,NA,NA,NA,NA,NA,NA,NA,NA,NA,NA,NA
NA,NA,NA,NA,NA,NA,NA,NA,NA,NA,NA,NA,NA,NA,NA,NA,NA,NA,NA,NA,NA
NA,NA,NA,NA,NA,NA,NA,NA,NA,NA,NA,NA,NA,NA,NA,NA,NA,NA,NA,NA,NA
NA,NA,NA,NA,NA,NA,NA,NA,NA,NA,NA,NA,NA,NA,NA,NA,NA,NA,NA,NA,NA
NA,NA,NA,NA,NA,NA,NA,NA,NA,NA,NA,NA,NA,NA,NA,NA,NA,NA,NA,NA,NA
NA,NA,NA,NA,NA,NA,NA,NA,NA,NA,NA,NA,NA,NA,NA,NA,NA,NA,NA,NA,NA
NA,NA,NA,NA,NA,NA,NA,NA,NA,NA,NA,NA,NA,NA,NA,NA,NA,NA,NA,NA,NA
NA,NA,NA,NA,NA,NA,NA,NA,NA,NA,NA,NA,NA,NA,NA,NA,NA,NA,NA,NA,NA
NA,NA,NA,NA,NA,NA,NA,NA,NA,NA,NA,NA,NA,NA,NA,NA,NA,NA,NA,NA,NA
